Date,SPX Index,HSI Index,AAXJ US Equity,USGG2YR Index,USGG10YR Index,EURUSD Curncy,GBPUSD Curncy,USDJPY Curncy,AUDUSD Curncy,USDKRW Curncy,USDTWD Curncy,USDPHP Curncy,USDIDR Curncy,USDINR Curncy,USDMYR Curncy,USDSGD Curncy,USDTHB Curncy,CLA Comdty,XAU Curncy
1/2/2020,3257.85,28543.52,74.91,1.57,1.92,1.12,1.33,108.76,0.7,1158.1,30.1,50.68,13893,71.23,4.09,1.34,30.15,52.3,1517.29
1/3/2020,3234.85,28451.5,73.72,1.569,1.8771,1.1172,1.3145,108.57,12/30/1899,1166.9,30.056,51.077,13930,71.3775,4.1023,1.3471,30.153,51.91,1529.13
1/6/2020,3246.28,28226.19,73.42,1.5246,1.7881,1.1161,1.3083,108.09,12/30/1899,1172,30.091,50.945,13944,71.7988,4.1035,1.3493,30.14,51.83,1552.2
1/7/2020,3237.18,28322.06,73.68,1.5445,1.809,1.1197,1.3171,108.37,12/30/1899,1166.45,30.063,50.76,13878,71.9375,4.092,1.3493,30.18,52.14,1565.74
1/8/2020,3253.05,28087.92,73.84,1.5404,1.8177,1.1153,1.3126,108.44,12/30/1899,1170.85,30.066,50.75,13900,71.8275,4.101,1.3497,30.337,51.74,1574.37
1/9/2020,3274.7,28561,74.58,1.5806,1.8738,1.1105,1.3097,109.12,12/30/1899,1159.35,29.998,50.66,13854,71.7063,4.0907,1.3511,30.3,52.14,1556.42
1/10/2020,3265.35,28638.2,75.05,1.5785,1.8545,1.1106,1.3067,109.52,12/30/1899,1161.65,30.008,50.735,13772,71.2137,4.076,1.3517,30.243,51.86,1552.32
1/13/2020,3288.13,28954.94,76.35,1.5702,1.8196,1.1121,1.3064,109.45,12/30/1899,1156.25,29.947,50.585,13673,70.9388,4.0625,1.3484,30.22,51.95,1562.34
1/14/2020,3283.15,28885.14,75.94,1.5843,1.8459,1.1134,1.2989,109.95,12/30/1899,1156.1,29.911,50.745,13680,70.8575,4.0725,1.3466,30.278,51.99,1547.88
1/15/2020,3289.29,28773.59,75.45,1.57,1.8109,1.1128,1.3019,109.99,12/30/1899,1156.9,29.92,50.685,13695,70.8763,4.0745,1.3468,30.26,51.55,1546.39
1/16/2020,3316.81,28883.04,75.85,1.5536,1.783,1.115,1.3038,109.9,12/30/1899,1161.4,29.94,50.901,13643,70.8212,4.0627,1.3461,30.368,51.8,1556.25
1/17/2020,3329.62,29056.42,76.23,1.5657,1.8074,1.1137,1.308,110.16,12/30/1899,1159.5,29.94,50.97,13645,70.9337,4.0547,1.3472,30.385,51.81,1552.51
1/21/2020,3320.79,28795.91,74.18,1.5592,1.8215,1.1092,1.3016,110.14,12/30/1899,1158.05,29.957,51.01,13639,71.0825,4.0595,1.3473,30.34,52.15,1557.24
1/22/2020,3321.75,27985.33,74.55,1.5592,1.8215,1.1095,1.301,110.18,12/30/1899,1167.05,29.987,50.905,13669,71.11,4.0715,1.3467,30.38,51.75,1560.77
1/23/2020,3325.54,28341.04,73.79,1.5304,1.7743,1.1082,1.305,109.87,12/30/1899,1164.5,29.988,50.98,13646,71.2088,4.0655,1.3499,30.37,50.79,1558.17
1/24/2020,3295.47,27909.12,73.17,1.5283,1.7691,1.1093,1.3142,109.84,12/30/1899,1168.65,30.271,50.81,13639,71.195,4.0695,1.3488,30.452,50.28,1558.78
1/27/2020,3243.63,27949.64,70.68,1.5137,1.7325,1.1055,1.3123,109.49,12/30/1899,1176.5,30.219,50.835,13583,71.2738,4.058,1.3512,30.557,50.77,1562.94
1/28/2020,3276.24,27160.63,71.1,1.4947,1.6839,1.1025,1.3073,109.28,12/30/1899,1177.25,30.296,50.757,13615,71.3325,4.0855,1.351,30.705,50.9,1571.53
1/29/2020,3273.4,26449.13,71.53,1.4409,1.608,1.1019,1.3057,108.9,12/30/1899,1185.1,30.199,50.84,13644,71.4413,4.0802,1.3577,30.882,50.78,1582.06
1/30/2020,3283.66,26312.63,70.37,1.4625,1.6562,1.1022,1.3028,109.15,12/30/1899,1191.7,30.12,50.985,13634,71.34,4.0895,1.3578,31,51.07,1567.17
1/31/2020,3225.52,26356.98,68.87,1.4128,1.5839,1.101,1.3021,109.02,12/30/1899,1194.9,30.054,50.83,13657,71.2525,4.098,1.3606,31.12,51.17,1576.83
2/3/2020,3248.92,26675.98,69.67,1.4128,1.5856,1.1032,1.3093,108.96,12/30/1899,1187.6,30.112,50.8,13655,71.4888,4.1135,1.3623,31.163,51.35,1574.28
2/4/2020,3297.59,26786.74,71.72,1.3132,1.5068,1.1093,1.3206,108.35,12/30/1899,1191.4,30.074,50.77,13742,71.3525,4.1105,1.3648,31.087,51.28,1589.16
2/5/2020,3334.69,27493.7,72,1.353,1.5272,1.106,1.2995,108.69,12/30/1899,1179.9,30.057,50.91,13715,71.3475,4.117,1.3686,30.923,51.32,1576.73
2/6/2020,3345.78,27404.27,72.45,1.409,1.5991,1.1044,1.3031,109.52,12/30/1899,1186.5,30.012,50.77,13690,71.2725,4.1225,1.3704,30.94,52,1552.92
2/7/2020,3327.71,27241.34,71.4,1.4431,1.6508,1.0999,1.3002,109.83,12/30/1899,1187.15,30.009,50.758,13635,71.215,4.1395,1.3813,31.073,52.24,1556.02
2/10/2020,3352.09,27583.88,72.17,1.4452,1.6422,1.0983,1.2931,109.99,12/30/1899,1181.5,30.029,50.78,13675,71.1962,4.147,1.3857,31.298,52.39,1566.66
2/11/2020,3357.75,27823.66,72.94,1.4011,1.5834,1.0946,1.2892,109.75,12/30/1899,1179.55,30.048,50.7,13712,71.4075,4.1335,1.3895,31.255,52,1570.44
2/12/2020,3379.45,27730,73.99,1.3931,1.5696,1.0911,1.2915,109.77,12/30/1899,1182.95,30.104,50.57,13675,71.2912,4.1368,1.3895,31.145,51.63,1572.15
2/13/2020,3373.94,27815.6,73.08,1.4234,1.6006,1.0916,1.2952,109.79,12/30/1899,1183.1,30.128,50.51,13674,71.285,4.1415,1.3864,31.12,51.14,1567.89
2/14/2020,3380.16,27959.6,73.11,1.4437,1.6333,1.0874,1.296,110.09,12/30/1899,1183.95,30.246,50.57,13694,71.3512,4.138,1.3865,31.155,51.21,1566.06
2/18/2020,3370.29,27530.2,72.58,1.4438,1.6173,1.0841,1.3046,109.82,12/30/1899,1189.5,30.396,50.565,13693,71.33,4.1435,1.3894,31.167,51.84,1576
2/19/2020,3386.15,27655.81,73.08,1.4279,1.5848,1.0831,1.3047,109.78,12/30/1899,1189.3,30.452,50.65,13660,71.3675,4.1535,1.3923,31.215,51.95,1584.06
2/20/2020,3373.23,27609.16,71.84,1.4279,1.5848,1.0836,1.3008,109.88,12/30/1899,1198.6,30.368,50.553,13694,71.2913,4.1613,1.3893,31.182,52.08,1581.13
2/21/2020,3337.75,27308.81,71.47,1.4116,1.561,1.0792,1.2998,109.87,12/30/1899,1209.15,30.369,50.59,13695,71.5625,4.182,1.3926,31.435,52.04,1601.61
2/24/2020,3225.89,26820.88,68.98,1.4219,1.5661,1.0805,1.292,111.37,12/30/1899,1220.35,30.287,50.95,13750,71.6425,4.1915,1.3946,31.647,51.93,1611.7
2/25/2020,3128.21,26893.23,68.78,1.3892,1.5152,1.0785,1.2882,112.1,12/30/1899,1210.2,30.094,50.963,13760,72,4.2265,1.401,31.693,50.64,1619.56
2/26/2020,3116.39,26696.49,69.35,1.3543,1.4713,1.0847,1.2964,111.61,12/30/1899,1216.95,30.057,51.042,13872,71.8875,4.2338,1.3978,31.717,50.31,1643.41
2/27/2020,2978.76,26778.62,68.28,1.2476,1.3705,1.0854,1.2924,110.72,12/30/1899,1217.15,30.02,50.816,13887,71.6625,4.2255,1.3998,31.865,50.36,1659.38
2/28/2020,2954.22,26129.93,68.34,1.2248,1.3521,1.0882,1.3005,110.2,12/30/1899,1214.5,29.939,50.904,13940,71.565,4.211,1.3988,31.658,49.07,1635.14
3/2/2020,3090.23,26291.68,69.31,1.1647,1.3371,1.0881,1.2905,110.43,12/30/1899,1193.8,30.018,50.64,14025,72.1763,4.215,1.3977,31.56,49.82,1640.96
3/3/2020,3003.37,26284.82,68.89,1.0615,1.2607,1.1001,1.2887,109.59,12/30/1899,1195.25,30.099,50.7,14318,72.735,4.203,1.3952,31.37,49.98,1645.01
3/4/2020,3130.12,26222.07,70.07,0.913,1.1486,1.1026,1.2823,107.89,12/30/1899,1187.85,30.013,50.557,14265,73.31,4.2065,1.3932,31.525,50.11,1585.69
3/5/2020,3023.94,26767.87,69,0.9029,1.1632,1.1134,1.2754,108.33,12/30/1899,1181.2,30.076,50.593,14283,73.225,4.179,1.3905,31.333,50.18,1589.44
3/6/2020,2972.37,26146.67,68.09,0.6991,0.999,1.1173,1.2811,107.13,12/30/1899,1192.3,30.112,50.644,14113,73.3138,4.163,1.3883,31.552,49.77,1640.9
3/9/2020,2746.56,25040.46,64.79,0.6926,1.0522,1.1136,1.2872,107.53,12/30/1899,1204.35,30.172,50.585,14175,73.7875,4.1727,1.3846,31.42,46.84,1636.93
3/10/2020,2882.23,25392.51,67.29,0.5973,0.912,1.1237,1.2954,106.16,12/30/1899,1193.15,30.194,50.51,14243,74.085,4.2172,1.383,31.507,47.76,1672.23
3/11/2020,2741.38,25231.61,64.62,0.5062,0.7623,1.1284,1.3048,105.39,12/30/1899,1193.1,30.217,50.542,14393,73.6413,4.2385,1.3785,31.44,48.08,1673.83
3/12/2020,2480.64,24309.07,58.83,0.381,0.5407,1.145,1.3117,102.36,12/30/1899,1206.6,30.263,50.85,14352,74.2175,4.2325,1.3846,31.43,48.71,1680.47
3/13/2020,2711.02,24032.91,62.52,0.5342,0.803,1.1281,1.2911,105.64,12/30/1899,1219.4,30.47,51.018,14374,73.9037,4.2645,1.3915,31.573,47.79,1649.4
3/16/2020,2386.13,23063.57,55.41,0.5195,0.8695,1.127,1.282,104.54,12/30/1899,1226.05,30.261,51.49,14522,74.2725,4.2775,1.3951,31.802,45.26,1635.04
3/17/2020,2529.19,23263.73,58.56,0.481,0.8042,1.1185,1.2571,104.64,12/30/1899,1243.65,30.377,51.13,14778,74.2125,4.3075,1.4094,32.118,45.17,1576.15
3/18/2020,2398.1,22291.82,54.6,0.4903,0.9603,1.1107,1.2278,107.62,12/30/1899,1245.7,30.303,51.1,14933,74.2663,4.3513,1.415,32.298,41.89,1529.83
3/19/2020,2409.39,21709.13,54.01,0.3599,0.7182,1.1183,1.2271,105.83,12/30/1899,1285.7,30.316,50.88,15173,75.03,4.3737,1.4209,32.482,41.75,1514.1
3/20/2020,2304.92,22805.07,55,0.4925,1.0784,1.0997,1.2055,107.7,12/30/1899,1248.05,30.279,51.315,15223,75.195,4.4137,1.4292,32.58,40.36,1528.3
3/23/2020,2237.4,21696.13,53.81,0.5337,1.1915,1.0915,1.1608,108.08,12/30/1899,1266.75,30.228,50.943,15913,76.275,4.3947,1.4445,32.53,41.35,1486.05
3/24/2020,2447.33,22663.49,57.55,0.4507,1.1404,1.0692,1.1485,110.71,12/30/1899,1249.7,30.225,51.185,15960,76.0762,4.447,1.4509,32.97,42.18,1471.24
3/25/2020,2475.56,23527.19,59.39,0.3134,0.8454,1.0688,1.1629,110.93,12/30/1899,1229.9,30.238,51.117,16575,75.155,4.4335,1.4506,32.83,43.31,1498.65
3/26/2020,2630.07,23352.34,61.35,0.3123,0.7863,1.0726,1.1542,111.23,12/30/1899,1233.15,30.272,51.025,16500,74.92,4.3845,1.461,32.81,42.96,1553.23
3/27/2020,2541.47,23484.28,58.29,0.3715,0.8466,1.0788,1.1762,111.23,12/30/1899,1211.1,30.2,50.935,16305,75.4163,4.3313,1.4463,32.713,43.71,1632.32
3/30/2020,2626.65,23175.11,59.43,0.3299,0.8673,1.0882,1.1878,111.21,12/30/1899,1224.7,30.123,50.699,16170,75.5425,4.337,1.4474,32.607,44.38,1616.9
3/31/2020,2584.59,23603.48,59.72,0.2927,0.8447,1.1032,1.2203,109.58,12/30/1899,1218.55,30.134,50.91,16338,76.1732,4.327,1.4312,32.667,44.45,1631.34
4/1/2020,2470.5,23085.79,57.07,0.2418,0.6746,1.1141,1.246,107.94,12/30/1899,1230.8,30.115,50.86,16310,75.625,4.3212,1.4268,32.798,43.73,1628.16
4/2/2020,2526.9,23280.06,59.02,0.2281,0.7264,1.1048,1.2414,107.76,12/30/1899,1228.8,30.092,50.728,16450,76.3062,4.3632,1.4248,32.932,43.57,1622.51
4/3/2020,2488.65,23236.11,58.09,0.2455,0.6695,1.1031,1.242,107.54,12/30/1899,1231.35,30.092,50.737,16495,76.2713,4.357,1.422,32.978,42.66,1577.18
4/6/2020,2663.68,23749.12,61,0.2061,0.5832,1.0964,1.2371,107.17,12/30/1899,1229.45,30.063,50.688,16430,76.275,4.355,1.4361,32.975,43.59,1591.51
4/7/2020,2659.41,24253.29,61.27,0.2255,0.597,1.0858,1.2396,107.91,12/30/1899,1221.1,30.028,50.603,16413,76.4463,4.3622,1.4312,32.78,44.36,1613.99
4/8/2020,2749.98,23970.37,61.72,0.2289,0.5948,1.0801,1.2269,108.55,12/30/1899,1221.15,30.086,50.617,16200,76.7937,4.3435,1.4393,32.795,43.92,1620.81
4/9/2020,2789.82,24300.33,61.35,0.2622,0.6698,1.0793,1.2231,109.22,12/30/1899,1219.9,30.091,50.634,16250,76.3825,4.3465,1.4325,32.8,44.08,1660.97
4/13/2020,2761.63,24435.4,61.68,0.2601,0.7122,1.0892,1.2332,108.76,12/30/1899,1208.85,30.05,50.61,15880,76.55,4.336,1.4233,32.662,44.57,1647.72
4/14/2020,2846.06,24145.34,63.1,0.252,0.7722,1.0858,1.2383,108.83,12/30/1899,1217.75,30.081,50.781,15630,76.835,4.3097,1.4258,32.708,45.53,1646.14
4/15/2020,2783.36,24006.45,61.75,0.2254,0.7191,1.093,1.2458,108.49,12/30/1899,1217.1,30.075,50.908,15645,76.6637,4.3238,1.4171,32.728,43.98,1683.73
4/16/2020,2799.55,24380,62.33,0.2254,0.7191,1.0937,1.2455,108.47,12/30/1899,1228.7,30.068,50.778,15575,76.0713,4.3342,1.4129,32.635,43.76,1696.65
4/17/2020,2874.56,24330.02,63.7,0.2452,0.7713,1.0914,1.2515,107.77,12/30/1899,1217.95,30.073,50.798,15640,76.4525,4.3392,1.4155,32.67,43.83,1715.34
4/20/2020,2823.16,23793.55,63.03,0.219,0.752,1.098,1.2623,107.22,12/30/1899,1220.65,30.015,50.8,15465,76.235,4.377,1.4139,32.577,43.65,1726.97
4/21/2020,2736.56,23893.36,61.2,0.1969,0.6316,1.091,1.2518,107.46,12/30/1899,1229.6,30.008,50.68,15413,76.1888,4.3698,1.4236,32.472,41.43,1717.03
4/22/2020,2799.31,23977.32,62.87,0.2066,0.6267,1.084,1.2457,107.92,12/30/1899,1232.3,29.922,50.835,15468,75.6725,4.372,1.4279,32.495,43.47,1717.7
4/23/2020,2797.8,23831.33,62.66,0.2019,0.6417,1.0875,1.2499,107.54,12/30/1899,1229.8,29.766,50.708,15450,75.1,4.3942,1.4231,32.335,42.68,1682.82
4/24/2020,2836.74,24280.14,62.75,0.2016,0.6053,1.0862,1.2442,107.62,12/30/1899,1235.65,29.873,50.673,15415,75.7262,4.3652,1.421,32.325,42.38,1695.65
4/27/2020,2878.48,24575.96,63.86,0.2034,0.5691,1.0858,1.2289,107.8,12/30/1899,1226.1,29.867,50.515,15400,75.64,4.3602,1.4318,32.445,42.17,1686.2
4/28/2020,2863.39,24643.59,63.71,0.2133,0.619,1.0823,1.2334,107.75,12/30/1899,1225.1,29.901,50.42,15385,75.765,4.3625,1.4274,32.472,42.45,1714.08
4/29/2020,2939.51,23613.8,65.2,0.2191,0.6015,1.0777,1.2344,107.6,12/30/1899,1218.5,29.945,50.61,15445,75.5513,4.3517,1.4237,32.43,42.27,1730.51
4/30/2020,2912.43,23868.66,63.99,0.2245,0.6008,1.0823,1.2367,107.51,12/30/1899,1229.15,29.894,50.528,15295,75.7337,4.3635,1.4242,32.415,43.24,1729.6
5/1/2020,2830.71,24137.48,61.8,0.2223,0.6605,1.0829,1.2431,107.25,12/30/1899,1222.05,29.843,50.47,14882,75.5063,4.3457,1.4187,32.353,42.25,1713.99
5/4/2020,2842.74,23980.63,62.51,0.2112,0.6129,1.082,1.2426,106.87,12/30/1899,1224.95,29.908,50.57,15100,75.4563,4.3022,1.4172,32.388,42.01,1707.79
5/5/2020,2868.44,24230.17,62.75,0.2014,0.6269,1.0873,1.2469,106.68,12/30/1899,1219.9,29.898,50.438,15080,75.565,4.3165,1.412,32.395,42.4,1713.41
5/6/2020,2848.42,24602.06,62.81,0.1956,0.6393,1.0955,1.2594,107.18,12/30/1899,1220.5,29.92,50.311,14995,75.5788,4.3063,1.4099,32.245,42.07,1686.5
5/7/2020,2881.19,24245.68,63.4,0.19,0.6118,1.0981,1.2506,106.91,12/30/1899,1224.85,29.922,50.323,14920,75.9137,4.3238,1.4155,32.162,42.64,1700.42
5/8/2020,2929.8,24180.3,64.55,0.1822,0.6336,1.0907,1.2443,106.74,12/30/1899,1223.7,29.98,50.269,14895,75.64,4.334,1.4168,32.13,44.35,1702.07
5/11/2020,2930.32,23829.74,64.26,0.1882,0.6619,1.084,1.2435,106.57,12/30/1899,1227.95,29.93,50.458,14905,75.7975,4.3295,1.4156,32.063,43.3,1705.92
5/12/2020,2870.12,23797.47,64.12,0.1784,0.703,1.0795,1.235,106.12,12/30/1899,1231.2,29.95,50.74,14865,75.615,4.3278,1.4206,32.1,43.35,1685.71
5/13/2020,2820,23934.77,64.1,0.1388,0.6409,1.0834,1.2362,106.28,12/30/1899,1232.4,29.94,50.895,14885,75.9638,4.339,1.4148,32.063,43.72,1716.06
5/14/2020,2852.5,24388.13,64.03,0.1568,0.6831,1.0839,1.241,106.65,12/30/1899,1225.25,29.993,50.71,14860,75.66,4.351,1.4129,32.037,43.9,1702.7
5/15/2020,2863.7,24399.95,63.21,0.1747,0.7099,1.0807,1.2335,107.66,12/30/1899,1230.35,30.057,50.685,14850,75.7125,4.372,1.4171,31.888,43.74,1697.93
5/18/2020,2953.91,24280.03,65.34,0.1589,0.6651,1.0848,1.226,107.14,12/30/1899,1230.9,29.974,50.615,14770,75.7625,4.3533,1.4178,31.825,44.84,1702.7
5/19/2020,2922.94,22930.14,64.92,0.1589,0.6525,1.0818,1.2232,107.03,12/30/1899,1237,30.018,50.713,14710,75.6175,4.3525,1.42,31.833,44.36,1716.28
5/20/2020,2971.61,22952.24,65.61,0.147,0.6218,1.0805,1.223,107.25,12/30/1899,1244.13,30.031,50.544,14755,75.545,4.3457,1.4235,31.9,45.35,1730.3
5/21/2020,2948.51,23384.66,64.35,0.1451,0.6428,1.082,1.2116,107.06,12/30/1899,1234.3,30.022,50.665,14710,75.3562,4.3625,1.4268,31.972,45.13,1743.67
5/22/2020,2955.45,23301.36,62.72,0.1772,0.7257,1.0913,1.2194,107.34,12/30/1899,1234.35,29.934,50.705,14715,75.4725,4.348,1.4183,31.892,44.84,1732.55
5/26/2020,2991.77,23132.76,63.9,0.1652,0.6882,1.0923,1.2253,107.71,12/30/1899,1239.55,29.972,50.605,14610,75.5762,4.3535,1.4167,31.862,46.07,1745.05
5/27/2020,3036.13,22961.47,63.73,0.1633,0.6801,1.098,1.2245,107.53,12/30/1899,1238.35,29.892,50.331,14415,75.5825,4.3465,1.413,31.853,45.95,1748.18
5/28/2020,3029.73,23732.52,63.45,0.1653,0.672,1.095,1.2223,107.61,12/30/1899,1225,29.901,50.35,14095,75.5437,4.3175,1.4175,31.81,46.73,1727
5/29/2020,3044.31,23995.94,64.67,0.1676,0.6591,1.0901,1.2173,107.64,12/30/1899,1225.4,29.816,50.109,14095,75.615,4.2765,1.4249,31.682,46.56,1734.68
6/1/2020,3055.73,24325.62,66.09,0.1676,0.6591,1.0898,1.2191,107.71,12/30/1899,1216.9,29.794,49.99,13878,75.595,4.262,1.4248,31.552,46.82,1731.95
6/2/2020,3080.82,24366.3,67.66,0.1717,0.6965,1.0982,1.2334,107.54,12/30/1899,1218.9,29.778,49.815,13885,75.785,4.2802,1.4162,31.587,47.03,1710.58
6/3/2020,3122.87,24770.41,69.08,0.1799,0.6819,1.1006,1.2261,107.72,12/30/1899,1207.2,29.671,49.93,13890,75.845,4.2668,1.4204,31.475,47.2,1709.47
6/4/2020,3112.35,24776.77,68.13,0.1701,0.69,1.1077,1.2321,107.65,12/30/1899,1204.9,29.696,49.942,13980,76.0313,4.277,1.4176,31.44,47.68,1718.33
6/5/2020,3193.93,25057.22,69.85,0.1603,0.6526,1.1101,1.2343,107.83,12/30/1899,1197.75,29.708,49.866,14020,76.2125,4.2512,1.4135,31.353,47.7,1730.27
6/8/2020,3232.39,25049.73,70.02,0.1564,0.6591,1.1136,1.2492,107.59,12/30/1899,1191.3,29.718,50.185,14133,76.165,4.2457,1.4074,31.155,46.41,1739.55
6/9/2020,3207.18,24480.15,69.61,0.1623,0.6852,1.117,1.2551,108.68,12/30/1899,1196.8,29.667,50.358,14115,76.145,4.2635,1.4004,30.948,46.99,1727.7
6/10/2020,3190.14,24301.38,70.45,0.19,0.7458,1.1233,1.2575,108.9,12/30/1899,1203.9,29.639,50.055,14090,76.1862,4.2787,1.3979,30.98,47.16,1699.67
6/11/2020,3002.1,23776.95,66.97,0.194,0.8234,1.1338,1.2597,109.15,12/30/1899,1216.15,29.618,50.035,14083,76.025,4.2768,1.3983,31.118,45.32,1714.01
6/12/2020,3041.31,24344.09,68.26,0.2062,0.8951,1.1292,1.2668,109.59,12/30/1899,1207.15,29.612,50.165,14078,75.645,4.283,1.3935,31.083,45.02,1685.06
6/15/2020,3066.59,24481.41,67.46,0.2261,0.8752,1.1294,1.2724,108.43,12/30/1899,1214,29.632,50.065,14100,75.7213,4.2782,1.3879,31.235,46.03,1698.53
6/16/2020,3124.74,24464.94,68.14,0.2024,0.8253,1.134,1.2728,107.76,12/30/1899,1208.2,29.624,50.135,14150,75.6687,4.2675,1.3892,31.087,46.12,1715.33
6/17/2020,3113.49,24643.89,68.67,0.1667,0.7263,1.1374,1.2747,107.12,12/30/1899,1209.65,29.576,50.176,14162,75.6475,4.2787,1.3833,31.007,45.27,1738.7
6/18/2020,3115.34,24511.34,68.91,0.1967,0.669,1.1299,1.2602,106.87,12/30/1899,1215.85,29.542,49.983,14130,75.5813,4.2752,1.3931,31.022,45.09,1727.7
6/19/2020,3097.74,24907.34,68.7,0.193,0.7034,1.1256,1.254,107.38,12/30/1899,1208.8,29.567,50.015,14175,75.5087,4.272,1.3926,30.958,45,1730.75
6/22/2020,3117.86,24781.58,69.71,0.189,0.7215,1.1323,1.2605,107.33,12/30/1899,1199.5,29.552,49.933,14220,75.5963,4.2782,1.3918,30.84,45.56,1725.16
6/23/2020,3131.29,24549.99,70.35,0.1992,0.7528,1.1264,1.2573,107.32,12/30/1899,1204.7,29.516,49.865,14245,75.0063,4.2905,1.3947,30.932,45.12,1726.53
6/24/2020,3050.33,24301.28,69.62,0.1952,0.738,1.1244,1.2555,107.01,12/30/1899,1200.7,29.525,49.822,14265,74.6488,4.2835,1.3934,30.923,44.41,1726.95
6/25/2020,3083.76,24427.19,69.79,0.1933,0.7084,1.1205,1.2424,106.97,12/30/1899,1198.7,29.471,49.829,14283,74.6837,4.2863,1.3941,30.885,44.55,1722.93
6/26/2020,3009.05,25124.19,69.2,0.1855,0.6937,1.1178,1.235,106.87,12/30/1899,1202.9,29.487,49.75,14378,74.9362,4.2863,1.3974,30.905,44.62,1743.87
6/29/2020,3053.24,25373.12,69.38,0.1917,0.7085,1.1261,1.2469,106.91,12/30/1899,1203.35,29.521,49.566,14523,75.0213,4.286,1.3924,30.943,45.41,1754.43
6/30/2020,3100.29,26339.16,69.17,0.1857,0.7118,1.1308,1.252,106.52,12/30/1899,1199.95,29.506,49.384,14490,74.995,4.2873,1.3911,31.073,44.65,1768.41
7/1/2020,3115.86,25975.66,69.88,0.1876,0.679,1.1251,1.2419,107.04,12/30/1899,1198.65,29.523,49.533,14440,75.205,4.278,1.3933,31.13,44.98,1761.17
7/2/2020,3130.01,26129.18,71.71,0.1857,0.6856,1.1218,1.2419,107.19,12/30/1899,1195.75,29.521,49.495,14410,75.19,4.276,1.3914,31.265,45.48,1763.79
7/6/2020,3179.72,26210.16,75.27,0.1661,0.6413,1.1219,1.2336,107.22,12/30/1899,1195.75,29.536,49.414,14395,75.43,4.272,1.3935,31.24,45.63,1771.29
7/7/2020,3145.32,25727.41,73.84,0.1485,0.6234,1.1242,1.2298,107.58,12/30/1899,1195.45,29.507,49.483,14435,75.15,4.2625,1.3935,31.19,45.59,1772.82
7/8/2020,3169.94,25772.12,75.76,0.1485,0.6561,1.1234,1.2401,107.93,12/30/1899,1195.7,29.525,49.443,14425,75.1937,4.2668,1.3936,31.29,46.24,1780.96
7/9/2020,3152.05,25477.89,75.65,0.1603,0.6758,1.1251,1.2475,107.47,12/30/1899,1204.45,29.528,49.54,14450,75.02,4.2638,1.3937,31.38,46.25,1770.09
7/10/2020,3185.04,25481.58,75.09,0.1526,0.6693,1.1239,1.2468,107.5,12/30/1899,1200.65,29.522,49.487,14588,74.9162,4.271,1.3947,31.577,46.4,1775.38
7/13/2020,3155.22,24970.69,74.74,0.1526,0.6693,1.1248,1.2483,107.51,12/30/1899,1205.75,29.509,49.548,14625,74.745,4.263,1.3945,31.515,46.06,1775.95
7/14/2020,3197.52,25089.17,74.72,0.1566,0.6759,1.1309,1.2492,107.35,12/30/1899,1200.55,29.472,49.443,14703,74.7625,4.2685,1.3921,31.667,46.32,1784.68
7/15/2020,3226.56,25057.99,74.83,0.1567,0.6397,1.1274,1.2542,107.52,12/30/1899,1205.5,29.478,49.382,14785,74.765,4.2645,1.3951,31.72,46.52,1794.86
7/16/2020,3215.57,25635.66,73.45,0.1587,0.6644,1.133,1.261,107.26,12/30/1899,1205.05,29.5,49.394,14741,74.8275,4.2635,1.3912,31.81,46.33,1808.89
7/17/2020,3224.73,25057.94,73.94,0.1508,0.6135,1.1285,1.2606,107.2,12/30/1899,1203.3,29.42,49.37,14650,74.835,4.261,1.3921,31.665,46.3,1803.55
7/20/2020,3251.84,25263,74.82,0.1529,0.6447,1.13,1.2622,106.93,12/30/1899,1197.75,29.377,49.375,14580,74.845,4.252,1.391,31.645,46.42,1798.7
7/21/2020,3257.3,24705.33,75.39,0.1509,0.6184,1.1344,1.2555,107.29,12/30/1899,1195.1,29.385,49.334,14610,74.8,4.2595,1.3905,31.693,46.65,1802.76
7/22/2020,3276.02,24603.26,74.76,0.157,0.6233,1.14,1.2553,107.24,12/30/1899,1197.4,29.41,49.254,14535,74.85,4.263,1.392,31.698,46.56,1809.36
7/23/2020,3235.66,24772.76,74.42,0.155,0.6299,1.1412,1.2587,106.94,12/30/1899,1201.45,29.403,49.198,14535,74.8125,4.252,1.3893,31.445,46.48,1810.29
7/24/2020,3215.63,24883.14,74.18,0.145,0.6168,1.1384,1.2553,107.27,12/30/1899,1196.15,29.455,49.199,14543,75.01,4.2533,1.3925,31.44,47.14,1797.16
7/27/2020,3239.41,24710.59,75.17,0.1451,0.6266,1.1428,1.2568,107.02,12/30/1899,1197.05,29.474,49.153,14600,75.045,4.243,1.3902,31.177,47.39,1810.42
7/28/2020,3218.44,24595.35,74.58,0.1472,0.6102,1.1448,1.2661,107.27,12/30/1899,1193.1,29.425,49.09,14630,74.9425,4.2393,1.3889,31.225,47.28,1817.77
7/29/2020,3258.44,24458.13,75.82,0.1411,0.6004,1.1527,1.2731,106.8,12/30/1899,1194.4,29.426,49.101,14625,74.9275,4.2205,1.383,31.09,47.45,1841.91
7/30/2020,3246.22,24946.63,75.17,0.1492,0.5971,1.157,1.2734,107.15,12/30/1899,1191.15,29.437,49.074,14550,74.935,4.219,1.3856,30.995,46.59,1871.41
7/31/2020,3271.12,25102.54,74.84,0.1513,0.5774,1.1596,1.2741,106.86,12/30/1899,1193.35,29.452,49.055,14585,74.9012,4.1908,1.386,31.115,47.02,1887.44
8/3/2020,3294.61,24930.58,75.4,0.1473,0.5888,1.1656,1.2794,106.14,12/30/1899,1194.05,29.462,49.044,14625,74.775,4.1895,1.3824,31.153,47.85,1902.02
8/4/2020,3306.51,24531.62,76.57,0.1514,0.6151,1.1752,1.2882,105.37,12/30/1899,1188.75,29.47,49.017,14648,74.8275,4.1882,1.3787,31.135,47.82,1942.24
8/5/2020,3327.77,24377.43,77.34,0.1387,0.579,1.1716,1.2932,105.09,12/30/1899,1183.6,29.468,48.94,14680,74.845,4.1967,1.379,31.06,47.7,1958.43
8/6/2020,3349.16,24890.68,77.59,0.1309,0.5741,1.1792,1.2997,104.92,12/30/1899,1184.75,29.468,48.938,14760,74.9037,4.194,1.3737,31.065,47.87,1970.79
8/7/2020,3351.28,25244.02,76.01,0.1172,0.5462,1.1847,1.3096,104.73,12/30/1899,1185.7,29.468,48.848,14775,74.8862,4.193,1.3722,31.135,47.52,1956.64
8/10/2020,3360.47,25230.67,76.25,0.1054,0.5282,1.1778,1.3085,105.83,12/30/1899,1185.65,29.45,48.755,14795,74.76,4.1915,1.3745,31.205,47.67,1975.86
8/11/2020,3333.69,25183.01,76.03,0.1093,0.5543,1.1762,1.3075,105.95,12/30/1899,1185.15,29.441,48.695,14845,74.82,4.1927,1.3761,31.132,47.4,1976.98
8/12/2020,3380.35,25347.34,77.2,0.1073,0.5069,1.1803,1.3071,105.72,12/30/1899,1183.3,29.452,48.616,14773,75.03,4.191,1.3732,31.225,47.85,2019.21
8/13/2020,3373.43,25367.38,76.84,0.1171,0.5477,1.1863,1.3114,105.6,12/30/1899,1184.6,29.442,48.563,14671,74.845,4.1823,1.3698,31.44,47.79,2038.12
8/14/2020,3372.85,25178.91,76.69,0.1151,0.5362,1.1877,1.3143,105.55,12/30/1899,1183.7,29.441,48.684,14649,74.3212,4.1737,1.3688,31.552,47.56,2063.54
8/17/2020,3381.99,24791.39,77.78,0.129,0.564,1.1787,1.3052,105.92,12/30/1899,1181.35,29.429,48.63,14678,74.33,4.178,1.3727,31.465,48.17,2035.55
8/18/2020,3389.78,25113.84,77.62,0.131,0.5755,1.1738,1.3073,105.96,12/30/1899,1187,29.435,48.501,14660,74.3,4.1755,1.3739,31.48,47.93,2027.34
8/19/2020,3374.85,25551.58,76.75,0.1489,0.6415,1.174,1.3048,106.49,12/30/1899,1186.3,29.425,48.523,14632,73.8163,4.1687,1.3734,31.36,48.12,1911.89
8/20/2020,3385.51,25486.22,76.36,0.1609,0.6747,1.1784,1.3034,106.91,12/30/1899,1189.15,29.435,48.63,14563,73.4025,4.1702,1.3721,31.23,48.03,1915.83
8/21/2020,3397.16,25491.79,76.94,0.1629,0.7208,1.1814,1.3067,106.93,12/30/1899,1185.1,29.425,48.507,14573,73.62,4.1725,1.3728,31.16,47.81,1953.71
8/24/2020,3431.28,25281.15,77.91,0.145,0.7094,1.1842,1.3086,106.6,12/30/1899,1186.85,29.431,48.497,14745,72.87,4.164,1.3709,31.118,48.34,1945.12
8/25/2020,3443.62,25422.06,78.87,0.1511,0.6882,1.187,1.3103,106,12/30/1899,1185,29.433,48.54,14778,73.0313,4.1435,1.3679,31.077,48.75,1985.3
8/26/2020,3478.73,25177.05,79.06,0.1431,0.6687,1.1931,1.3239,105.41,12/30/1899,1184.4,29.427,48.583,14750,73.4775,4.144,1.3646,31.22,48.73,2002.44
8/27/2020,3484.55,25184.85,78.4,0.1391,0.6801,1.1838,1.3098,106.12,12/30/1899,1187.85,29.428,48.615,14740,73.1413,4.144,1.3701,31.448,48.25,1928.98
8/28/2020,3508.01,25120.09,79.29,0.1411,0.6509,1.186,1.3214,105.8,12/30/1899,1183.1,29.422,48.668,14765,73.3475,4.1475,1.3671,31.438,48.91,1947.26
8/31/2020,3500.31,25007.6,77.76,0.1432,0.6282,1.1797,1.309,105.8,12/30/1899,1185.55,29.392,48.556,14799,73.5988,4.16,1.3717,31.375,48.42,1940.48
9/1/2020,3526.65,24695.45,79.07,0.1513,0.6542,1.1788,1.3063,105.98,12/30/1899,1188.25,29.409,48.65,14855,73.5375,4.1678,1.3707,31.305,48.68,1928.88
9/2/2020,3580.84,24589.65,79.07,0.1493,0.6835,1.1835,1.3152,106.39,12/30/1899,1189.65,29.502,48.575,14890,73.4587,4.1708,1.368,31.325,48.1,1928.18
9/3/2020,3455.06,24624.34,77.37,0.1504,0.6884,1.183,1.321,105.99,12/30/1899,1188.25,29.384,48.548,14880,73.54,4.1635,1.3656,31.333,48.51,1954.46
9/4/2020,3426.96,24468.93,77.38,0.1583,0.7522,1.1822,1.3201,106.57,12/30/1899,1186.45,29.365,48.512,14845,73.48,4.1515,1.3662,31.215,48.21,1929.54
9/8/2020,3331.84,24313.54,76,0.127,0.7211,1.1903,1.3353,105.37,12/30/1899,1189.1,29.3,48.41,14843,73.645,4.1445,1.3581,31.112,46.81,1964.83
9/9/2020,3398.96,24503.31,76.98,0.1309,0.7048,1.1936,1.337,105.91,12/30/1899,1184.9,29.231,48.377,14833,73.525,4.133,1.3603,31.2,47.2,1967.8
9/10/2020,3339.19,24640.28,75.76,0.1309,0.6689,1.1912,1.3384,105.96,12/30/1899,1186.9,29.222,48.52,14735,73.655,4.1372,1.3614,31.103,47.02,1970.18
9/11/2020,3340.97,24732.76,76.56,0.1329,0.6477,1.1855,1.335,106.18,12/30/1899,1183.6,29.085,48.388,14700,73.45,4.1155,1.3625,31.23,46.79,1942.92
9/14/2020,3383.54,24725.63,77.64,0.127,0.6347,1.1852,1.3281,106.19,12/30/1899,1178.95,29.077,48.373,14785,73.4,4.1225,1.3646,31.365,47.09,1930.91
9/15/2020,3401.2,24340.85,78.56,0.1428,0.718,1.1838,1.3279,106.24,12/30/1899,1176.05,29.103,48.467,14815,73.5862,4.1325,1.3647,31.472,47.78,1933.94
9/16/2020,3385.49,24455.41,78.4,0.1428,0.718,1.1817,1.3166,106.27,12/30/1899,1174.4,29.154,48.482,14890,73.57,4.1525,1.3662,31.632,47.59,1933.64
9/17/2020,3357.01,23950.69,77.95,0.1408,0.6788,1.1778,1.2982,106.03,12/30/1899,1160.45,29.288,48.568,14873,73.905,4.171,1.3708,31.59,47.68,1932.03
9/18/2020,3319.47,23716.85,77.62,0.1468,0.7001,1.1803,1.3002,106.18,12/30/1899,1158,29.208,48.47,14900,73.6125,4.1705,1.3664,31.733,47.44,1946.84
9/21/2020,3281.06,23742.51,77.14,0.1389,0.6772,1.1815,1.2805,106.13,12/30/1899,1165.05,29.151,48.5,14895,73.785,4.175,1.3699,31.628,46.47,1946.09
9/22/2020,3315.57,23311.07,76.48,0.127,0.6658,1.1846,1.2796,106.16,12/30/1899,1164.35,29.076,48.505,14880,73.8587,4.158,1.3678,31.68,46.59,1940.55
9/23/2020,3236.92,23235.42,75.58,0.137,0.6723,1.1866,1.2846,105.73,12/30/1899,1172.75,29.039,48.487,14835,73.7637,4.1565,1.3644,31.577,46.56,1956.86
9/24/2020,3246.59,23476.05,74.86,0.139,0.6789,1.1847,1.2889,105.44,12/30/1899,1172.5,28.937,48.448,14865,73.1463,4.151,1.361,31.6,46.77,1954.15
9/25/2020,3298.46,23275.53,74.95,0.137,0.6969,1.1816,1.2967,104.95,12/30/1899,1173.5,28.86,48.477,14800,73.2875,4.1635,1.3586,31.415,46.49,1959.26
9/28/2020,3351.6,23459.05,76.06,0.135,0.6887,1.1848,1.2973,104.74,12/30/1899,1169.6,28.848,48.405,14735,73.4612,4.153,1.357,31.19,46.48,1944.44
9/29/2020,3335.47,23767.78,75.96,0.1391,0.6937,1.184,1.2917,104.57,12/30/1899,1163.4,28.831,48.393,14710,73.3275,4.1535,1.3599,31.23,45.4,1950.86
9/30/2020,3363,23980.65,77.17,0.1371,0.6658,1.1771,1.2817,104.65,12/30/1899,1161.05,28.756,48.387,14710,73.2437,4.156,1.3622,31.18,45.81,1912.51
10/1/2020,3380.8,24242.86,78.05,0.1351,0.6708,1.1708,1.2733,104.93,12/30/1899,1158.3,28.789,48.359,14700,73.1325,4.1533,1.3653,31.07,45.32,1900.21
10/2/2020,3348.44,24193.35,77.19,0.1387,0.6724,1.166,1.2724,105.39,12/30/1899,1153.4,28.82,48.314,14700,73.2738,4.1347,1.3723,31.185,44.37,1863.34
10/5/2020,3408.63,24119.13,78.06,0.1328,0.6659,1.1672,1.2747,105.41,12/30/1899,1147,28.947,48.44,14725,73.355,4.1482,1.376,31.17,45.56,1868.07
10/6/2020,3360.95,24649.68,78.18,0.1289,0.6544,1.1631,1.2746,105.58,12/30/1899,1147.1,28.86,48.533,14718,73.3038,4.141,1.3776,31.228,45.99,1861.58
10/7/2020,3419.45,24667.09,79.29,0.125,0.6528,1.1666,1.2834,105.5,12/30/1899,1146.9,28.83,48.635,14690,73.38,4.148,1.373,31.177,45.28,1881.48
10/8/2020,3446.83,24158.54,79.65,0.123,0.6495,1.1744,1.2863,105.66,12/30/1899,1143.25,28.81,48.678,14698,73.345,4.1535,1.3688,31.202,45.54,1898.07
10/9/2020,3477.13,24386.79,80.12,0.127,0.684,1.1721,1.292,105.48,12/30/1899,1147.4,28.768,48.63,14708,73.3675,4.1505,1.3654,31.278,44.81,1885.82
10/12/2020,3534.22,24542.26,80.93,0.127,0.6774,1.1748,1.2891,105.53,12/30/1899,1142,28.769,48.604,14658,73.4713,4.1418,1.3635,31.24,44.52,1906.01
10/13/2020,3511.93,24569.54,80.67,0.1289,0.7005,1.1716,1.2935,105.29,12/30/1899,1139.35,28.774,48.62,14633,73.5925,4.151,1.3638,31.272,44.71,1899.84
10/14/2020,3488.67,24754.42,80.08,0.1447,0.7817,1.1783,1.2979,105.75,12/30/1899,1131.65,28.753,48.59,14660,73.5387,4.1432,1.3607,31.278,45.04,1913.53
10/15/2020,3483.34,24786.13,79.3,0.1467,0.7353,1.1734,1.2881,105.63,12/30/1899,1132.9,28.728,48.596,14660,73.605,4.1445,1.3629,31.25,45.4,1878.18
10/16/2020,3483.81,24918.78,79.64,0.1507,0.7868,1.1763,1.2919,105.98,12/30/1899,1132.85,28.748,48.486,14650,73.8475,4.1567,1.3597,31.188,45.3,1887.42
10/19/2020,3426.92,24787.19,79.49,0.1508,0.7852,1.1759,1.2938,106.03,12/30/1899,1127.85,28.755,48.397,14625,73.715,4.1628,1.3582,31.237,45.23,1893.82
10/20/2020,3443.12,24708.8,80.18,0.1529,0.7737,1.1826,1.3036,105.62,12/30/1899,1125.45,28.77,48.381,14640,73.8725,4.1675,1.3548,31.173,45.63,1930.4
10/21/2020,3435.56,24586.6,80.47,0.1529,0.7737,1.1813,1.3064,105.33,12/30/1899,1130.6,28.895,48.38,14585,74.11,4.1545,1.3572,31.158,44.72,1922.77
10/22/2020,3453.49,24107.42,80.32,0.139,0.7272,1.1746,1.2937,105.48,12/30/1899,1131.45,28.763,48.39,14565,74.4375,4.1558,1.3602,31.053,45.05,1891.36
10/23/2020,3465.39,24460.01,80.79,0.139,0.7256,1.1746,1.3012,105.17,12/30/1899,1135.15,28.817,48.405,14380,74.4063,4.1573,1.3573,31.135,44.51,1901.52
10/26/2020,3400.97,24939.73,79.89,0.139,0.7322,1.1708,1.2909,105.45,12/30/1899,1133.7,28.7,48.412,14210,74.7588,4.158,1.3599,30.88,43.83,1908.71
10/27/2020,3390.68,24886.14,80.45,0.1431,0.7456,1.1718,1.2915,105.4,12/30/1899,1134.15,28.696,48.39,14065,74.3887,4.1645,1.3582,30.59,44.32,1899.29
10/28/2020,3271.03,25695.92,78.76,0.1451,0.769,1.1769,1.2948,105.43,12/30/1899,1137.65,28.665,48.315,14058,74.195,4.1475,1.3578,30.585,43.32,1904.08
10/29/2020,3310.11,25712.97,79.65,0.1431,0.7857,1.1822,1.2948,105.5,12/30/1899,1128.3,28.687,48.234,14085,74.1462,4.1293,1.3574,30.43,42.56,1906.95
10/30/2020,3269.96,26016.17,78.6,0.1472,0.8226,1.1861,1.3149,104.59,12/30/1899,1120.5,28.672,48.14,14170,74.18,4.1085,1.3544,30.27,43.02,1924.33
11/2/2020,3310.24,26301.48,79.74,0.1533,0.8562,1.1818,1.3083,104.86,12/30/1899,1113.3,28.69,48.273,14170,74.3725,4.1198,1.3569,30.28,44.09,1904.11
11/3/2020,3369.16,26226.98,79.92,0.1554,0.8429,1.186,1.3039,104.71,12/30/1899,1115.1,28.836,48.26,14110,74.6463,4.1325,1.3579,30.215,43.88,1902.05
11/4/2020,3443.44,26169.38,82.58,0.1494,0.801,1.181,1.3024,104.84,12/30/1899,1109.95,28.655,48.21,14055,74.6087,4.1305,1.3614,30.237,44.6,1902.08
11/5/2020,3510.45,26156.86,83.69,0.1453,0.7676,1.1796,1.3044,104.42,12/30/1899,1114.9,28.66,48.217,14070,74.46,4.1228,1.3606,30.16,44.34,1907.99
11/6/2020,3509.44,26381.67,83.81,0.1466,0.771,1.1746,1.2983,104.32,12/30/1899,1115.65,28.629,48.247,14155,74.1925,4.115,1.3653,30.305,43.66,1877.19
11/9/2020,3550.5,26415.09,84.21,0.1466,0.823,1.1674,1.293,104.61,12/30/1899,1109,28.662,48.23,14165,74.27,4.1045,1.3671,30.4,44.97,1867.59
11/10/2020,3545.53,26544.29,83.2,0.1525,0.8737,1.1647,1.2947,104.66,12/30/1899,1106.55,28.671,48.315,14149,74.1462,4.0872,1.3664,30.323,44.79,1878.81
11/11/2020,3572.66,26356.97,83.72,0.1545,0.8434,1.1641,1.2917,104.72,12/30/1899,1103.9,28.661,48.222,14155,74.0988,4.098,1.3654,30.28,45.29,1895.48
11/12/2020,3537.01,26451.54,83.27,0.1663,0.8993,1.1715,1.3059,104.49,12/30/1899,1115.25,28.676,48.206,14144,74.0013,4.0925,1.3605,30.345,44.96,1909.17
11/13/2020,3585.15,26486.2,84.33,0.1447,0.7629,1.1726,1.2988,104.52,12/30/1899,1114.15,28.663,48.147,14100,73.9187,4.0907,1.3584,30.345,44.35,1902.92
11/16/2020,3626.91,26588.2,85.32,0.1447,0.7629,1.1826,1.3148,103.49,12/30/1899,1110.4,28.66,48.134,14090,73.89,4.0863,1.3504,30.278,44.61,1949.66
11/17/2020,3609.53,26669.75,85.18,0.1527,0.8185,1.1874,1.3156,103.35,12/30/1899,1112,28.658,48.1,14120,74.04,4.0872,1.3486,30.288,44.52,1951.35
11/18/2020,3567.79,26819.45,84.97,0.1706,0.9235,1.1813,1.3166,105.38,12/30/1899,1108.6,28.663,48.08,14130,73.6675,4.068,1.3478,30.26,44.76,1863.04
11/19/2020,3581.87,26894.68,85.09,0.1807,0.9595,1.1815,1.3272,105.3,12/30/1899,1104.1,28.676,48.051,14125,73.8025,4.0685,1.3487,30.253,44.39,1877.32
11/20/2020,3557.54,26341.49,85.77,0.1807,0.9753,1.1777,1.3222,105.43,12/30/1899,1103.4,28.633,48.05,14140,73.9263,4.0738,1.3494,30.247,44.42,1865.73
11/23/2020,3577.59,26567.68,85.9,0.1768,0.8815,1.1806,1.3118,105.13,12/30/1899,1106.4,28.535,48.045,14105,73.7962,4.0785,1.3494,30.193,44.54,1876.83
11/24/2020,3635.41,26532.58,86.99,0.179,0.8963,1.1834,1.3189,104.63,12/30/1899,1106.15,28.388,48.035,14105,73.9025,4.0775,1.3479,30.145,44.51,1889.2
11/25/2020,3629.65,26728.5,86.31,0.1771,0.9061,1.1852,1.3199,104.58,12/30/1899,1100.6,28.396,48.08,14110,73.5225,4.0728,1.3454,30.03,45.39,1888.95
11/27/2020,3638.35,26835.92,87.28,0.1692,0.857,1.1862,1.3246,104.19,12/30/1899,1096.9,28.382,48.053,14105,73.565,4.062,1.3428,30.028,45.24,1880.38
11/30/2020,3621.63,26506.85,84.96,0.1732,0.8701,1.1853,1.3273,103.82,12/30/1899,1082.05,28.505,48.071,14080,73.6662,4.0715,1.3422,30.068,45.03,1872.24
12/1/2020,3662.45,26304.56,86.2,0.1612,0.8293,1.1875,1.3261,103.74,12/30/1899,1081.9,28.497,48.073,14095,73.65,4.0718,1.3447,30.053,43.98,1866.54
12/2/2020,3669.01,26502.84,86.33,0.1573,0.8243,1.1857,1.3275,103.86,12/30/1899,1085.4,28.303,48.048,14120,73.5575,4.0625,1.3435,30.02,43.63,1870.99
12/3/2020,3666.72,26410.59,87.19,0.1594,0.8537,1.1841,1.3321,104.52,12/30/1899,1084.4,28.296,48.063,14125,73.64,4.0595,1.3448,29.845,42.76,1837.86
12/4/2020,3699.12,26505.87,88.06,0.1602,0.8799,1.1892,1.3357,104.44,12/30/1899,1087.4,28.3,48.066,14108,73.5875,4.0495,1.3424,29.825,43.42,1807.59
12/7/2020,3691.96,26389.52,87.88,0.1583,0.8816,1.1917,1.338,104.46,12/30/1899,1090.1,28.3,48.048,14110,73.585,4.056,1.3402,30.06,43.56,1807.56
12/8/2020,3702.25,26207.29,87.94,0.1583,0.8816,1.1913,1.3358,104.26,12/30/1899,1091.6,28.3,48.079,14130,73.5694,4.0525,1.3388,30.205,43.74,1815.8
12/9/2020,3672.82,26460.29,87.26,0.1524,0.8373,1.1963,1.3311,104.09,12/30/1899,1093.2,28.305,48.076,14205,73.7838,4.0505,1.3383,30.22,43.81,1787.79
12/10/2020,3668.1,26678.38,88.11,0.1485,0.8389,1.1927,1.3323,104.31,12/30/1899,1093.95,28.327,48.101,14200,73.8488,4.0338,1.3416,30.01,43.96,1776.95
12/11/2020,3663.46,26498.6,87.51,0.1662,0.926,1.2071,1.342,104.33,12/30/1899,1093.2,28.346,48.067,14155,73.7637,4.0398,1.338,30.087,43.72,1815.24
12/14/2020,3647.49,26306.68,86.47,0.1584,0.936,1.2115,1.3365,104.42,12/30/1899,1099.55,28.346,48.055,14130,73.5475,4.0512,1.3391,30.165,44.1,1831.28
12/15/2020,3694.62,26119.25,87.23,0.1486,0.9063,1.2144,1.345,103.84,12/30/1899,1102.9,28.324,48.027,14050,73.5038,4.061,1.3345,30.037,44.58,1841.08
12/16/2020,3701.17,26343.1,87.51,0.1507,0.9659,1.2121,1.3441,104.17,12/30/1899,1107.5,28.327,48.019,13895,73.435,4.0635,1.3358,29.95,44.65,1838.86
12/17/2020,3722.48,26386.56,88.07,0.1408,0.9228,1.2109,1.338,104.05,12/30/1899,1107.6,28.317,48.067,13915,73.305,4.0605,1.3366,29.888,45.24,1862.73
12/18/2020,3709.41,26314.63,87.85,0.1508,0.9179,1.2104,1.3355,104.16,12/30/1899,1102.9,28.51,48.04,13895,73.065,4.0485,1.3375,29.938,45.36,1870.56
12/21/2020,3694.92,26568.49,86.91,0.1488,0.9361,1.2081,1.3399,104.23,12/30/1899,1096.65,28.303,48.07,13910,73.1325,4.0483,1.3378,29.882,44.81,1839.55
12/22/2020,3687.26,27147.11,86.24,0.1369,0.9063,1.2138,1.3295,104.24,12/30/1899,1092.15,28.304,48.081,14020,73.0212,4.0365,1.3354,30.003,44.36,1836.57
12/23/2020,3690.01,27231.13,87.17,0.115,0.8964,1.2112,1.3224,104.04,12/30/1899,1086.35,28.252,48.095,14125,73.18,4.0203,1.3368,30.065,45.11,1839.85
12/24/2020,3703.06,27472.81,86.76,0.115,0.8931,1.2144,1.3324,104.05,12/30/1899,1081.9,28.19,48.051,14130,73.1125,4.0055,1.3352,30.12,45.27,1827.35
12/28/2020,3735.36,27649.86,86.95,0.113,0.908,1.2151,1.346,103.67,12/30/1899,1087.6,28.188,48.065,14060,73.3225,4.0162,1.3327,30.11,44.78,1853.64
12/29/2020,3727.04,27692.3,88.16,0.115,0.9163,1.22,1.3509,103.47,12/30/1899,1085.7,28.197,48.067,14059,73.245,4.0095,1.3292,30.052,45,1864.8
12/30/2020,3732.04,27548.52,89.7,0.121,0.9329,1.2268,1.3585,103.11,12/30/1899,1087,28.22,48.065,14020,73.385,4.0375,1.326,29.987,44.97,1885.42
12/31/2020,3756.07,27878.22,89.61,0.121,0.9462,1.2257,1.3523,103.3,12/30/1899,1089.7,28.239,48.069,14070,73.2538,4.0293,1.3275,30.03,44.86,1881.35
1/4/2021,3700.65,27908.22,90.43,0.121,0.9346,1.2244,1.3464,103.32,12/30/1899,1097.2,28.238,48.077,14065,73.15,4.053,1.3325,30.11,44.6,1876.89
1/5/2021,3726.86,28276.75,92.65,0.1129,0.9164,1.2163,1.3361,103.64,12/30/1899,1099.95,28.198,48.058,14035,73.0462,4.0565,1.3359,30.035,44.67,1860.84
1/6/2021,3748.14,28235.6,91.64,0.1169,0.943,1.2187,1.3493,103.57,12/30/1899,1095.25,28.214,48.05,14000,73.0663,4.043,1.3316,29.983,44.34,1872.89
1/7/2021,3803.79,28496.86,92.56,0.1189,0.9231,1.2187,1.3558,103.65,12/30/1899,1098.05,28.235,48.088,14035,73.2825,4.0365,1.3289,29.93,44.83,1883.46
1/8/2021,3824.68,28573.86,95.14,0.1189,0.9231,1.2193,1.356,103.43,12/30/1899,1099.45,28.242,48.069,14023,73.1725,4.037,1.3296,29.987,45.24,1873.69
1/11/2021,3799.61,28862.77,94.02,0.1189,0.9231,1.2216,1.3452,103.81,12/30/1899,1103.95,28.227,48.079,14065,73.0275,4.052,1.3298,29.993,45.57,1878.18
1/12/2021,3801.19,29642.28,94.68,0.125,0.9364,1.2249,1.3503,103.58,12/30/1899,1102.9,28.206,48.083,14050,72.9975,4.0503,1.3273,29.987,45.83,1894.39
1/13/2021,3809.84,29962.47,95.06,0.1211,0.9231,1.2298,1.3625,103.19,12/30/1899,1100.2,28.172,48.113,14078,72.975,4.0435,1.3234,29.975,46.4,1898.36
1/14/2021,3795.54,29927.76,95.83,0.1211,0.9132,1.2216,1.367,103.25,12/30/1899,1098.25,28.173,48.077,14030,72.9475,4.029,1.3221,30.038,46.47,1898.67
1/15/2021,3768.25,29447.85,94.73,0.1211,0.9132,1.2215,1.3672,103.2,12/30/1899,1103.15,28.191,48.067,14023,72.9238,4.0433,1.3219,29.935,46.39,1942.9
1/19/2021,3798.91,30159.01,96.57,0.1132,0.9132,1.2248,1.3571,103.13,12/30/1899,1100.8,28.201,48.053,14025,73.0412,4.0448,1.3206,29.972,46.32,1950.01
1/20/2021,3851.85,29391.26,98.57,0.1211,0.9549,1.2298,1.3627,102.72,12/30/1899,1106.45,28.165,48.018,14005,72.9538,4.0477,1.3176,29.985,46.17,1918.61
1/21/2021,3853.07,29297.53,99,0.1369,1.0355,1.2327,1.3608,103.04,12/30/1899,1104.4,28.222,48.078,14015,73.0275,4.046,1.3179,30.035,46.09,1913.95
1/22/2021,3841.47,28550.77,98.14,0.1369,1.0795,1.2272,1.3568,103.81,12/30/1899,1119.65,28.205,48.073,14030,72.9688,4.04,1.3246,30.05,45.69,1849.01
1/25/2021,3855.36,28283.71,99.19,0.1329,1.1153,1.2218,1.3568,103.94,12/30/1899,1118.75,28.178,48.048,14003,72.975,4.046,1.3255,30.077,46.03,1843.89
1/26/2021,3849.62,28892.86,98.18,0.1449,1.146,1.2151,1.3518,104.26,12/30/1899,1116.2,28.18,48.049,13995,72.9612,4.0515,1.3309,30.028,45.95,1854.77
1/27/2021,3750.77,29248.7,95.32,0.1449,1.1291,1.2207,1.3664,103.76,12/30/1899,1117.45,28.154,48.037,13983,72.9275,4.06,1.3233,29.955,46.38,1845.51
1/28/2021,3787.38,29307.46,95.89,0.143,1.0832,1.2157,1.3639,103.89,12/30/1899,1114.9,28.159,48.045,13973,72.965,4.0697,1.3271,29.92,46.11,1846.53
1/29/2021,3714.24,29113.5,93.52,0.139,1.1292,1.2155,1.3689,103.8,12/30/1899,1118.55,28.177,47.934,13910,72.8775,4.0665,1.3255,29.87,46.02,1828.45
2/1/2021,3773.86,29288.68,96.28,0.133,1.0835,1.2082,1.359,103.85,12/30/1899,1123.8,28.19,48.225,13930,72.845,4.0465,1.3297,29.888,46.5,1841.26
2/2/2021,3826.31,29319.47,97.5,0.133,1.0835,1.2077,1.3587,103.69,12/30/1899,1119.65,28.18,48.385,14020,72.86,4.0445,1.3313,29.872,46.77,1840.28
2/3/2021,3830.17,29476.19,98.11,0.131,1.0886,1.2129,1.363,103.9,12/30/1899,1116.55,28.16,48.497,14025,72.755,4.0413,1.3294,29.985,46.65,1871.84
2/4/2021,3871.74,30038.72,98,0.127,1.0802,1.2106,1.3654,103.54,12/30/1899,1106.85,28.13,48.453,14065,72.69,4.0342,1.3248,30.013,46.77,1870.02
2/5/2021,3886.83,30173.57,98.73,0.1189,1.1058,1.2164,1.3733,103.5,12/30/1899,1101.5,28.142,48.695,14118,72.6975,4.0282,1.3228,29.99,46.94,1855.61
2/8/2021,3915.59,30746.66,99.02,0.1209,1.0855,1.2171,1.3686,103.78,12/30/1899,1100.05,28.119,48.65,14093,72.7487,4.0375,1.3286,30.04,47.54,1855.93
2/9/2021,3911.23,31084.94,100.08,0.1149,1.0295,1.2139,1.3675,103.75,12/30/1899,1107.6,28.093,48.612,14085,72.6537,4.0425,1.3278,30.028,47.75,1850.92
2/10/2021,3909.88,30595.27,100.37,0.1211,1.0347,1.216,1.3736,103.62,12/30/1899,1107.65,28.068,48.565,14083,72.4962,4.0422,1.3247,30.042,47.99,1843.98
2/11/2021,3916.38,30644.73,101.69,0.1191,1.0161,1.2111,1.3687,104.11,12/30/1899,1105.85,28.016,48.592,14235,72.47,4.044,1.329,30.132,47.91,1843.17
2/12/2021,3934.83,30319.83,101.7,0.1172,1.0449,1.2122,1.3721,104.24,12/30/1899,1110.2,28.091,48.558,14255,72.3425,4.043,1.3292,30.24,48.2,1847.65
2/16/2021,3932.59,30632.64,101.83,0.1093,1.0655,1.2136,1.3708,104.68,12/30/1899,1110.5,28.096,48.49,14325,72.4263,4.0417,1.329,30.287,48.51,1860.78
2/17/2021,3931.33,29718.24,102.08,0.1073,1.0792,1.206,1.3663,104.93,12/30/1899,1112.15,28.01,48.625,14245,73.465,4.04,1.3329,30.295,48.75,1838.03
2/18/2021,3913.97,30074.17,100.42,0.1132,1.0963,1.2044,1.3668,104.98,12/30/1899,1108,28.048,48.57,14267,73.55,4.0498,1.3322,30.36,48.89,1834.04
2/19/2021,3906.71,28980.21,101.2,0.1171,1.1374,1.2036,1.3647,105.03,12/30/1899,1123.4,28.088,48.57,14300,73.3663,4.0555,1.333,30.49,49.13,1794.03
2/22/2021,3876.5,29452.57,98.3,0.1112,1.1392,1.1964,1.3672,105.54,12/30/1899,1123.85,28.222,48.485,14360,72.72,4.057,1.3375,30.813,49.96,1814.11
2/23/2021,3881.37,29095.86,98.76,0.1013,1.1635,1.2046,1.3735,105.39,12/30/1899,1120.45,28.368,48.609,14405,72.835,4.051,1.3346,30.79,50,1830.81
2/24/2021,3925.43,29880.42,97.66,0.1111,1.1705,1.205,1.3741,105.23,12/30/1899,1125.4,28.313,48.51,14405,73.0275,4.0575,1.3327,30.722,50.95,1838.32
2/25/2021,3829.34,29236.79,95.98,0.1151,1.1568,1.2119,1.3817,104.59,12/30/1899,1125.9,28.219,48.46,14385,73.255,4.0747,1.3259,30.557,50.84,1842.89
2/26/2021,3811.15,29098.29,94.65,0.1071,1.1225,1.2118,1.3834,104.59,12/30/1899,1133.3,28.173,48.545,14403,72.9288,4.107,1.3262,30.788,49.8,1825.51
3/1/2021,3901.82,28540.83,97.34,0.1091,1.1632,1.213,1.3816,104.75,12/30/1899,1140.05,28.235,48.643,14410,72.915,4.1188,1.325,30.73,49.48,1824.23
3/2/2021,3870.29,28773.23,95.93,0.109,1.2082,1.212,1.3849,104.94,12/30/1899,1142.6,28.264,48.728,14428,72.79,4.1263,1.3251,30.767,49.76,1818.86
3/3/2021,3819.72,28907.52,95.62,0.109,1.2082,1.2129,1.3903,105.38,12/30/1899,1135.85,28.291,48.685,14410,72.48,4.1065,1.3231,30.785,50.42,1794.47
3/4/2021,3768.47,29385.61,93.39,0.119,1.3141,1.2106,1.3903,106.04,12/30/1899,1133.7,28.315,48.627,14408,72.55,4.1185,1.327,30.818,50.8,1776.13
3/5/2021,3841.94,28739.72,94.46,0.1029,1.2703,1.2038,1.3857,105.87,12/30/1899,1136.3,28.451,48.574,14403,72.545,4.11,1.3288,30.847,51.92,1775.67
3/8/2021,3821.35,28833.76,91.61,0.1049,1.2956,1.2092,1.3975,105.69,12/30/1899,1129.7,28.493,48.635,14395,72.5275,4.114,1.3272,30.917,51.37,1784.25
3/9/2021,3875.44,29027.69,93.78,0.1048,1.3364,1.2119,1.4016,105.45,12/30/1899,1130.25,28.462,48.668,14425,72.5188,4.1213,1.324,30.967,51.13,1809.67
3/10/2021,3898.81,29034.12,93.18,0.1109,1.3653,1.2157,1.4063,105.08,12/30/1899,1123.85,28.533,48.577,14427,72.3737,4.1105,1.3218,30.995,50.9,1805.73
3/11/2021,3939.34,29405.72,96.07,0.1108,1.3416,1.215,1.4113,105.25,12/30/1899,1131.1,28.612,48.502,14418,72.425,4.11,1.3202,31.105,51.22,1805.06
3/12/2021,3943.34,28990.94,94.07,0.123,1.3756,1.2166,1.4141,105.87,12/30/1899,1128.4,28.596,48.43,14445,72.56,4.1155,1.3197,31.065,51.16,1770.56
3/15/2021,3968.94,28885.34,94.4,0.172,1.5199,1.2175,1.4015,106.21,12/30/1899,1129.65,28.541,48.545,14480,72.6225,4.1235,1.3257,31.167,51.11,1734.04
3/16/2021,3962.71,28497.38,94.87,0.127,1.4049,1.2075,1.3933,106.57,12/30/1899,1133.55,28.51,48.533,14525,72.5075,4.1322,1.3326,31.245,50.96,1725.04
3/17/2021,3974.12,27918.14,94.88,0.1191,1.417,1.2049,1.3925,106.76,12/30/1899,1133.55,28.533,48.622,14525,73.385,4.1462,1.3279,31.26,51.31,1738.36
3/18/2021,3915.46,27899.61,93.45,0.1211,1.3914,1.2091,1.3955,106.69,12/30/1899,1129.35,28.52,48.573,14515,73.1125,4.147,1.33,31.315,50.29,1711.23
3/19/2021,3913.1,28336.43,94.3,0.1407,1.4808,1.2063,1.3954,107.01,12/30/1899,1131.65,28.484,48.596,14505,73.3,4.1415,1.3326,31.305,50.38,1697.52
3/22/2021,3940.59,28338.3,94.22,0.1447,1.564,1.1969,1.3895,107.98,12/30/1899,1133.65,28.421,48.54,14495,73.42,4.1505,1.3373,31.403,50.47,1700.64
3/23/2021,3910.52,28577.5,92.47,0.1369,1.5661,1.1915,1.3841,108.31,12/30/1899,1131.9,28.418,48.566,14535,74.565,4.145,1.3421,31.362,49.64,1683.54
3/24/2021,3889.14,28378.35,90.01,0.1626,1.5907,1.1847,1.3824,108.89,12/30/1899,1132,28.43,48.556,14565,74.5825,4.1483,1.3508,31.458,50.1,1716.1
3/25/2021,3909.52,28938.74,90.43,0.1607,1.5263,1.1901,1.3892,108.48,12/30/1899,1127.5,28.455,48.493,14595,74.7487,4.1395,1.3436,31.423,48.72,1726.71
3/26/2021,3974.54,28674.8,92.56,0.1528,1.5178,1.1929,1.3932,108.38,12/30/1899,1127.6,28.464,48.445,14605,75.055,4.1405,1.3438,31.485,49.86,1722.6
3/29/2021,3971.09,29008.07,92.1,0.1389,1.537,1.1986,1.3991,108.51,12/30/1899,1119.7,28.43,48.385,14603,74.9275,4.1333,1.3395,31.217,49.72,1727.11
3/30/2021,3958.55,28698.8,92.4,0.147,1.6247,1.1953,1.3924,109.03,12/30/1899,1116.15,28.354,48.36,14615,74.355,4.1315,1.3449,31.185,49.42,1731.67
3/31/2021,3972.89,28453.28,92.66,0.151,1.6055,1.1929,1.39,109.13,12/30/1899,1117.4,28.331,48.315,14565,74.88,4.1365,1.3459,31.265,48.9,1731.4
4/1/2021,4019.87,28497.25,93.71,0.149,1.6179,1.1903,1.3891,109,12/30/1899,1120.95,28.193,48.44,14548,74.8875,4.134,1.3456,31.34,51.36,1745.33
4/5/2021,4077.91,28900.83,93.97,0.133,1.6427,1.1979,1.3966,108.84,12/30/1899,1124.9,28.12,48.41,14498,74.955,4.1315,1.3401,31.34,51.36,1736.42
4/6/2021,4073.94,28793.14,94.56,0.1531,1.7082,1.1915,1.3925,108.89,12/30/1899,1125.95,28.143,48.384,14530,75.02,4.135,1.3437,31.395,51,1745.23
4/7/2021,4079.95,28969.71,92.98,0.1492,1.721,1.1904,1.3872,108.88,12/30/1899,1116.6,28.121,48.393,14520,74.7275,4.1265,1.3422,31.42,51.72,1739.03
4/8/2021,4097.17,29106.15,93.93,0.1472,1.6946,1.1933,1.3864,108.85,12/30/1899,1117.65,28.095,48.39,14525,74.6588,4.1233,1.3414,31.378,51.93,1727.07
4/9/2021,4128.8,29135.73,93.25,0.1452,1.6206,1.1849,1.3752,108.59,12/30/1899,1116.5,27.95,48.471,14485,74.365,4.1257,1.3443,31.362,51.07,1734.69
4/12/2021,4127.99,28621.92,92.41,0.1465,1.6084,1.1813,1.3686,108.73,12/30/1899,1117.3,27.897,48.295,14485,74.0363,4.1235,1.3461,31.215,51.34,1726.93
4/13/2021,4141.59,28755.34,92.88,0.1367,1.6332,1.1764,1.3734,109.19,12/30/1899,1112.35,27.933,48.124,14500,74.0875,4.1158,1.3487,31.14,51.99,1732.52
4/14/2021,4124.66,29078.75,93.32,0.1387,1.676,1.1794,1.3789,109.64,12/30/1899,1118.5,27.933,48.048,14450,73.935,4.1198,1.3456,31.103,52.28,1712.2
4/15/2021,4170.42,28952.83,93.9,0.1407,1.7081,1.1765,1.3762,109.81,12/30/1899,1117.4,27.956,48.037,14445,73.86,4.1118,1.3478,31.247,52.93,1685.2
4/16/2021,4185.47,28941.54,94.1,0.1465,1.7029,1.1717,1.374,110.36,12/30/1899,1117.7,27.938,48.033,14450,73.915,4.1085,1.3478,31.175,52.49,1707.71
4/19/2021,4163.26,29071.34,93.79,0.1603,1.7404,1.173,1.3783,110.72,12/30/1899,1113.2,27.957,47.97,14430,73.7612,4.0977,1.3448,31.085,52.09,1729.31
4/20/2021,4134.94,29303.26,93.16,0.1585,1.6699,1.1777,1.3833,110.62,12/30/1899,1110.4,27.979,47.873,14435,73.5112,4.097,1.3452,31.105,52.12,1728.87
4/21/2021,4173.42,28724.88,93.6,0.1862,1.7216,1.1759,1.3832,110.69,12/30/1899,1112.9,27.893,47.868,14319,73.35,4.1038,1.3461,31.228,51.59,1728.27
4/22/2021,4134.98,28357.54,93.26,0.1664,1.7003,1.1813,1.39,110.18,12/30/1899,1108.35,27.813,47.823,14285,73.34,4.088,1.3421,31.39,51.27,1743.27
4/23/2021,4180.17,28557.14,94.66,0.1566,1.656,1.1876,1.3824,109.75,12/30/1899,1112.4,27.921,47.817,14198,73.4263,4.105,1.339,31.37,51.85,1737.72
4/26/2021,4187.62,28417.98,94.78,0.1527,1.6739,1.1868,1.3737,109.85,12/30/1899,1123.85,27.928,47.814,14198,73.2962,4.1213,1.3413,31.435,52.3,1755.84
4/27/2021,4186.72,28637.46,94.85,0.1488,1.6192,1.1914,1.3735,109.26,12/30/1899,1122.65,27.988,47.857,14283,73.22,4.1205,1.3404,31.46,52.37,1743.88
4/28/2021,4183.18,28610.65,95.28,0.1548,1.6585,1.1899,1.3707,109.67,12/30/1899,1125.75,27.996,47.815,14273,73.0412,4.1225,1.3415,31.458,52.92,1732.76
4/29/2021,4211.47,28595.66,95.21,0.1668,1.6657,1.1911,1.3741,109.38,12/30/1899,1121.3,28.036,47.887,14290,73.1663,4.1128,1.3411,31.378,53.04,1745.51
4/30/2021,4181.17,28013.81,93.68,0.1589,1.6145,1.1948,1.375,109.06,12/30/1899,1113.75,27.938,47.948,14375,73.1013,4.105,1.3413,31.378,53.47,1736.43
5/3/2021,4192.66,28231.04,93.51,0.161,1.6323,1.198,1.3779,108.93,12/30/1899,1119.65,27.973,47.953,14355,72.8387,4.1175,1.336,31.36,52.71,1763.95
5/4/2021,4164.66,27718.67,92.49,0.159,1.5759,1.1967,1.3787,108.76,12/30/1899,1124.65,27.999,48.07,14355,72.9662,4.1252,1.3346,31.365,53.05,1776.51
5/5/2021,4167.59,28027.57,92.61,0.1612,1.5798,1.1983,1.3832,108.8,12/30/1899,1129.2,27.928,48.143,14328,72.7775,4.129,1.3341,31.285,53.71,1771.43
5/6/2021,4201.62,28194.09,93.39,0.1572,1.6047,1.2037,1.3986,108.17,12/30/1899,1128.75,27.941,48.155,14288,72.585,4.125,1.3303,31.25,53.89,1778.75
5/7/2021,4232.6,28593.81,94.12,0.1492,1.5589,1.2036,1.3937,108.11,12/30/1899,1134.8,27.861,47.996,14285,72.4475,4.1398,1.3293,31.24,54.02,1793.79
5/10/2021,4188.43,28450.29,92.41,0.1472,1.5555,1.2035,1.3931,108.08,12/30/1899,1130.2,27.807,47.81,14280,72.615,4.146,1.329,31.142,54.27,1783.94
5/11/2021,4152.1,28458.44,91.74,0.1472,1.538,1.2015,1.3839,107.97,12/30/1899,1132.15,27.783,47.7,14280,72.8988,4.1405,1.3298,31.16,54.35,1777.2
5/12/2021,4063.04,28412.26,89.35,0.1575,1.5577,1.2097,1.3876,107.88,12/30/1899,1126.85,27.74,47.76,14285,73.0825,4.1458,1.3269,31.275,54.67,1781.38
5/13/2021,4112.5,28910.86,89.29,0.1677,1.5667,1.2086,1.3899,108.08,12/30/1899,1126.9,27.622,47.823,14295,72.91,4.1435,1.3257,31.195,55.2,1776.6
5/14/2021,4173.85,29166.01,90.77,0.1798,1.6216,1.2091,1.3913,108.7,12/30/1899,1122.05,27.639,47.83,14265,73.0025,4.1403,1.3262,31.21,53.29,1781.68
5/17/2021,4163.29,29113.2,90.61,0.1641,1.6094,1.2126,1.3935,108.6,12/30/1899,1116.9,27.709,47.739,14253,72.8087,4.133,1.3252,31.16,53.63,1772.18
5/18/2021,4127.83,29124.41,91.86,0.1622,1.6343,1.2121,1.3944,108.93,12/30/1899,1117.95,27.693,47.66,14255,72.895,4.1252,1.3267,31.175,53.86,1769.13
5/19/2021,4115.68,29151.8,91.85,0.1584,1.6259,1.202,1.3822,109.31,12/30/1899,1115.4,27.712,47.716,14248,72.975,4.1265,1.3308,31.075,53.82,1792.88
5/20/2021,4159.12,29468,92.39,0.1585,1.5976,1.2064,1.3911,109.07,12/30/1899,1110.65,27.703,47.735,14189,73.0537,4.1245,1.3296,31.127,52.72,1779.06
5/21/2021,4155.86,29297.62,91.27,0.1585,1.5924,1.2014,1.3887,109.33,12/30/1899,1106,27.693,47.76,14203,73.075,4.1242,1.3366,31.155,52.31,1786.87
5/24/2021,4197.05,28966.03,92.02,0.1506,1.566,1.2005,1.3905,109.21,12/30/1899,1113.2,27.756,47.7,14225,73.275,4.128,1.3355,31.17,52.79,1815.22
5/25/2021,4188.13,28918.1,93.3,0.1527,1.5696,1.2065,1.3889,109.09,12/30/1899,1113.7,27.676,47.895,14238,73.3125,4.1213,1.3333,31.405,53.83,1831.24
5/26/2021,4195.99,28787.28,93.9,0.1448,1.5771,1.2166,1.3984,108.6,12/30/1899,1116.45,27.61,48.03,14355,73.3275,4.117,1.3248,31.45,53.8,1836.07
5/27/2021,4200.88,28781.38,93.84,0.1528,1.602,1.2129,1.4118,108.81,12/30/1899,1112.8,27.649,48.085,14375,74.0762,4.121,1.3257,31.608,53.93,1837.47
5/28/2021,4204.11,28742.63,94.33,0.1588,1.6217,1.2148,1.4142,108.62,12/30/1899,1114.2,27.682,48.39,14428,73.8675,4.1085,1.3255,31.752,53.9,1815.69
6/1/2021,4202.04,28738.88,96.06,0.1629,1.6916,1.2072,1.4054,109.67,12/30/1899,1115.2,27.761,48.435,14403,74.105,4.114,1.3338,31.865,53.46,1826.72
6/2/2021,4208.12,28842.13,95.84,0.1529,1.6574,1.2081,1.4052,109.47,12/30/1899,1115.5,27.791,48.692,14433,74.365,4.1173,1.3335,31.865,53.88,1843.43
6/3/2021,4192.85,28638.53,94.75,0.147,1.6284,1.2141,1.4097,109.35,12/30/1899,1111.2,27.934,48.69,14440,74.28,4.1167,1.3323,31.772,54.2,1866.9
6/4/2021,4229.89,28436.84,95.58,0.1531,1.6488,1.2152,1.4134,109.21,12/30/1899,1116.8,27.955,48.795,14425,74.1675,4.1395,1.3356,31.955,54.14,1869.44
6/7/2021,4226.52,28558.59,95.02,0.1491,1.6369,1.2222,1.4189,108.9,12/30/1899,1117,27.999,48.74,14445,74.1975,4.1395,1.3296,32.035,54.46,1869.62
6/8/2021,4227.26,28801.27,94.54,0.1552,1.671,1.2175,1.4115,109.22,12/30/1899,1117.05,27.99,48.483,14485,74.1925,4.1465,1.3344,32.052,54.73,1877.21
6/9/2021,4219.55,28489,94.14,0.1451,1.625,1.2228,1.419,108.78,12/30/1899,1130.35,27.882,48.653,14500,74.2312,4.1605,1.3312,32.045,55.2,1881.25
6/10/2021,4239.18,28309.76,94.72,0.1533,1.6216,1.2182,1.415,108.96,12/30/1899,1132.1,27.899,48.51,14503,74.3313,4.162,1.332,32.205,55.32,1881.02
6/11/2021,4247.44,28817.07,94.62,0.1493,1.6012,1.2216,1.4157,108.75,12/30/1899,1134.6,27.898,48.81,14533,74.5587,4.1595,1.3279,32.11,55.28,1899.25
6/14/2021,4255.15,28882.46,94.9,0.1412,1.5588,1.225,1.4153,108.78,12/30/1899,1131.8,27.86,49.115,14477,74.75,4.1567,1.3259,32.205,55.33,1896.67
6/15/2021,4246.59,29288.22,93.99,0.1485,1.5757,1.2192,1.4119,109.15,12/30/1899,1137.65,27.891,49.188,14470,74.31,4.147,1.3242,32.275,55.33,1896.54
6/16/2021,4223.7,29268.3,92.75,0.1446,1.6062,1.2195,1.4207,109.81,12/30/1899,1134.75,27.984,49.245,14483,74.55,4.152,1.3243,32.482,55.66,1903.77
6/17/2021,4221.86,28994.1,93.49,0.1407,1.5943,1.2192,1.4188,109.85,12/30/1899,1127.75,27.906,49.497,14525,74.6187,4.149,1.3228,32.605,55.87,1906.87
6/18/2021,4166.45,28827.95,92.9,0.1407,1.5943,1.2227,1.4212,109.58,12/30/1899,1130.1,27.912,49.805,14528,74.7137,4.1587,1.3217,32.667,54.78,1900.44
6/21/2021,4224.79,28310.42,93.09,0.1466,1.6062,1.2213,1.415,109.48,12/30/1899,1128.8,27.985,49.88,14493,74.635,4.1625,1.3224,32.6,55.27,1908.38
6/22/2021,4246.44,28143.5,92.6,0.1446,1.5875,1.2211,1.4171,109.56,12/30/1899,1126.15,28.007,50.075,14464,74.5775,4.1567,1.3225,32.675,55.88,1870.76
6/23/2021,4241.84,28072.86,93.26,0.1545,1.625,1.2127,1.4106,110.29,12/30/1899,1132.9,28.049,50.127,14480,74.4962,4.1545,1.3277,32.665,56.06,1891.59
6/24/2021,4266.49,27960.62,94.06,0.1448,1.5534,1.2167,1.4157,109.52,12/30/1899,1134.85,28.006,50.005,14483,74.59,4.1615,1.3245,32.75,56.05,1899.21
6/25/2021,4280.7,27153.13,94.88,0.1547,1.5687,1.219,1.4183,109.25,12/30/1899,1131.8,27.99,50.305,14498,74.5462,4.1823,1.3231,32.86,56.14,1892.89
6/28/2021,4290.61,27344.54,95.13,0.1508,1.5331,1.2173,1.4157,109.5,12/30/1899,1129.75,28.004,50.215,14518,74.5612,4.1917,1.324,32.81,55.86,1888.57
6/29/2021,4291.8,27515.24,95.03,0.1548,1.4908,1.218,1.4118,109.63,12/30/1899,1138,27.883,50.24,14543,74.8763,4.1915,1.3242,32.853,55.33,1898.51
6/30/2021,4297.5,27963.41,94.5,0.1429,1.4318,1.217,1.4177,109.33,12/30/1899,1144.95,27.998,50.343,14483,74.6163,4.192,1.324,32.868,55.31,1877.53
7/1/2021,4319.94,27787.46,93.84,0.1469,1.4518,1.2109,1.4107,109.66,12/30/1899,1148.9,28.044,50.37,14493,74.4675,4.2015,1.326,32.91,55.38,1866.18
7/2/2021,4352.34,27996.27,93.61,0.157,1.494,1.212,1.4112,110.07,12/30/1899,1146.95,28.048,50.143,14483,74.41,4.2025,1.3264,32.965,55.65,1859.02
7/6/2021,4343.54,28004.68,92.26,0.163,1.4922,1.2126,1.4083,110.08,12/30/1899,1145.35,28.066,50.33,14493,74.4187,4.2055,1.3277,32.875,55.79,1811.47
7/7/2021,4358.13,27489.78,92.13,0.2052,1.5754,1.1995,1.3988,110.71,12/30/1899,1148.55,28.007,50.34,14488,74.4637,4.2253,1.3366,32.868,54.44,1773.5
7/8/2021,4320.82,27259.25,90.09,0.2093,1.504,1.1907,1.3922,110.21,12/30/1899,1141.4,28.021,50.413,14483,74.3763,4.2332,1.3422,32.938,53.79,1764.16
7/9/2021,4369.55,27224.58,91.65,0.2541,1.4381,1.1864,1.381,110.21,12/30/1899,1140.05,28.061,50.393,14463,74.2838,4.2227,1.3451,33.018,53.72,1783.27
7/12/2021,4384.63,27723.84,91.79,0.2543,1.4886,1.1919,1.3934,110.27,12/30/1899,1147.7,28.05,50.32,14423,74.4175,4.2265,1.3431,33.132,54.52,1778.74
7/13/2021,4369.21,27321.98,92.14,0.2281,1.4632,1.194,1.3949,110.65,12/30/1899,1150.4,27.996,50.02,14342,74.345,4.231,1.3444,33.25,54.77,1778.68
7/14/2021,4374.3,26192.32,92.25,0.2622,1.4852,1.1926,1.3964,110.96,12/30/1899,1153.9,27.937,49.92,14313,74.2825,4.233,1.3449,33.357,55.89,1775.17
7/15/2021,4360.03,25086.43,92.44,0.2681,1.4919,1.1932,1.3922,110.87,12/30/1899,1150,27.961,49.615,14343,74.1862,4.2343,1.343,33.42,55.23,1781.44
7/16/2021,4327.16,25473.88,91.81,0.2661,1.5241,1.1935,1.3879,110.75,12/30/1899,1150.8,27.924,49.765,14353,74.175,4.2385,1.3423,33.455,55.1,1778.48
7/19/2021,4258.49,26315.32,90.25,0.2543,1.4765,1.1925,1.3883,110.63,12/30/1899,1155.1,27.915,50.255,14363,74.1525,4.2205,1.3432,33.35,55.96,1761.24
7/20/2021,4323.06,25961.03,90.64,0.2504,1.4697,1.1897,1.3836,110.53,12/30/1899,1150.2,27.821,50.405,14383,74.2675,4.2248,1.3453,33.34,53.23,1770.11
7/21/2021,4358.69,26235.8,91.11,0.2486,1.468,1.1858,1.3831,111.11,12/30/1899,1154.5,27.77,50.39,14383,74.4312,4.22,1.3454,33.425,53.35,1776.84
7/22/2021,4367.48,26194.82,91.32,0.2527,1.4578,1.185,1.3767,111.53,12/30/1899,1146.45,27.806,50.403,14388,74.4425,4.2205,1.3488,33.27,54.78,1787.3
7/23/2021,4411.79,26426.55,89.93,0.2336,1.4238,1.1865,1.3824,111.05,12/30/1899,1150.25,27.814,50.41,14373,74.2563,4.2165,1.3467,33.292,54.94,1791.77
7/26/2021,4422.3,26204.69,87.7,0.2336,1.4238,1.1864,1.3844,110.97,12/30/1899,1151,27.824,50.405,14373,74.2475,4.2192,1.3453,33.342,54.85,1797.08
7/27/2021,4401.46,26179.4,85.53,0.2179,1.3481,1.1824,1.38,110.63,12/30/1899,1148.5,27.84,50.468,14403,74.3512,4.2285,1.3476,33.375,54.34,1803.63
7/28/2021,4400.64,26283.4,87.94,0.2141,1.3163,1.179,1.3801,110.66,12/30/1899,1143.7,27.813,50.638,14453,74.2475,4.24,1.3491,33.35,54.45,1802.83
7/29/2021,4419.15,26605.62,88.27,0.1944,1.2928,1.1845,1.3786,109.72,12/30/1899,1143.75,27.859,50.4,14413,74.3963,4.2315,1.3525,32.93,55.02,1808.32
7/30/2021,4395.26,26660.16,87.8,0.2126,1.3595,1.1876,1.3901,110.14,12/30/1899,1142.15,27.844,50.421,14393,74.2125,4.2375,1.3511,32.71,55.72,1806.28
8/2/2021,4387.16,26517.82,88.25,0.2267,1.3645,1.1861,1.3883,110.37,12/30/1899,1144.45,27.857,50.555,14398,74.1913,4.237,1.352,32.745,55.49,1807.76
8/3/2021,4423.15,26391.62,88.65,0.2528,1.4166,1.1776,1.3814,110.63,12/30/1899,1149.8,27.835,50.382,14418,74.2425,4.2375,1.3553,32.627,54.48,1827.53
8/4/2021,4402.66,26181.46,89.32,0.223,1.3459,1.1837,1.386,109.97,12/30/1899,1156.35,27.965,50.26,14418,74.2225,4.237,1.3531,32.458,54.61,1829.47
8/5/2021,4429.1,25745.87,88.97,0.2231,1.2989,1.1812,1.3829,109.83,12/30/1899,1161.2,28.005,50.13,14370,73.6875,4.2378,1.3541,32.24,54,1812.05
8/6/2021,4436.52,25867.01,88.17,0.2215,1.2903,1.1806,1.3767,110.07,12/30/1899,1168.95,27.976,49.885,14268,73.27,4.239,1.3571,32.36,54.75,1812.64
8/9/2021,4432.35,25316.33,88.56,0.2156,1.1888,1.18,1.3675,109.46,12/30/1899,1176.4,27.93,49.985,14283,73.0063,4.226,1.3635,32.452,55.11,1810.36
8/10/2021,4436.75,24849.72,88.65,0.1996,1.2218,1.1781,1.3628,109.85,12/30/1899,1168.35,27.92,49.95,14273,73.0875,4.2175,1.3654,32.615,54.69,1803.66
8/11/2021,4447.7,25109.59,88.75,0.2078,1.2884,1.1794,1.3713,110.29,12/30/1899,1176.25,27.92,49.75,14263,73.0675,4.2032,1.3636,32.487,55.26,1806.92
8/12/2021,4460.83,25727.92,87.93,0.1998,1.2783,1.1771,1.3768,110.14,12/30/1899,1179.65,27.922,50.085,14223,73.0188,4.1952,1.3599,32.635,55.72,1802.15
8/13/2021,4468,25693.95,87.56,0.1981,1.2763,1.1771,1.3748,110.55,12/30/1899,1173.9,27.796,49.898,14213,73.105,4.191,1.3607,32.787,55.73,1797.63
8/16/2021,4479.71,25415.69,86.95,0.1941,1.2896,1.1803,1.3818,110.39,12/30/1899,1166,27.762,49.827,14253,73.4125,4.1552,1.3582,32.71,55.56,1799.09
8/17/2021,4448.08,25407.89,85.05,0.2035,1.2411,1.1817,1.3879,109.78,12/30/1899,1167.55,27.736,49.947,14253,73.6037,4.1543,1.3604,32.665,55.32,1807.11
8/18/2021,4400.27,25539.54,85.44,0.2016,1.2327,1.1845,1.3902,109.91,12/30/1899,1170.45,27.724,50.011,14203,73.4975,4.1585,1.3566,32.91,54.68,1828.17
8/19/2021,4405.8,25878.99,84.05,0.2035,1.2693,1.1887,1.3959,109.48,12/30/1899,1169.1,27.687,50.12,14253,73.6788,4.146,1.3531,32.927,54.48,1814.19
8/20/2021,4441.67,26028.29,84.02,0.1839,1.2223,1.187,1.3904,109.72,12/30/1899,1166.75,27.625,49.93,14248,73.6862,4.1477,1.3544,32.87,53.82,1813.47
8/23/2021,4479.53,26090.43,85.24,0.1722,1.1773,1.187,1.3883,109.31,12/30/1899,1159.45,27.631,49.866,14243,73.4912,4.1553,1.353,33.037,52.96,1810.44
8/24/2021,4486.23,25901.99,87.15,0.1703,1.1722,1.1864,1.3916,109.04,12/30/1899,1157.3,27.74,49.978,14253,73.5175,4.1512,1.3513,33.222,54.65,1811.74
8/25/2021,4496.19,26163.63,87.15,0.1802,1.182,1.1837,1.3889,109.48,12/30/1899,1161.45,27.723,49.923,14223,73.485,4.1485,1.351,33.342,55.2,1804.41
8/26/2021,4470,26353.63,86.3,0.198,1.2235,1.1834,1.3931,109.77,12/30/1899,1157.05,27.673,49.795,14243,73.7425,4.1355,1.351,33.388,55.31,1763.03
8/27/2021,4509.37,26320.93,87.25,0.2083,1.2969,1.1762,1.3872,110.25,12/30/1899,1156.5,27.71,49.965,14238,73.6125,4.1503,1.3548,33.445,54.77,1729.94
8/30/2021,4528.79,25716,87.46,0.2203,1.3237,1.1737,1.3847,110.29,12/30/1899,1157.75,27.696,49.96,14243,73.8675,4.1628,1.357,33.245,55.39,1728.93
8/31/2021,4522.68,26205.91,88.76,0.2383,1.349,1.172,1.3843,110.57,12/30/1899,1166.55,27.685,50.23,14243,73.64,4.158,1.3594,33.51,54.99,1751.7
9/1/2021,4524.09,25813.81,89.92,0.2186,1.3303,1.1739,1.3868,110.43,12/30/1899,1169.35,27.705,50.151,14258,73.6913,4.1715,1.3564,33.76,54.78,1752.9
9/2/2021,4536.95,25502.23,89.62,0.2227,1.359,1.173,1.3808,110.41,12/30/1899,1169.1,27.722,50.272,14253,73.8425,4.193,1.3578,33.86,55.03,1779.74
9/3/2021,4535.43,25033.21,90.01,0.2071,1.2767,1.1797,1.3866,109.59,12/30/1899,1175.95,27.761,50.34,14273,74.0525,4.1842,1.355,33.83,55.3,1787.45
9/7/2021,4520.03,24667.85,90.7,0.2092,1.265,1.1778,1.3849,109.24,12/30/1899,1170.8,27.765,50.635,14293,74.15,4.193,1.3558,33.632,55.34,1786.19
9/8/2021,4514.07,24920.76,89.52,0.2133,1.2617,1.171,1.3741,109.6,12/30/1899,1170.45,27.723,50.997,14313,74.2388,4.1812,1.3624,33.79,55.56,1787.82
9/9/2021,4493.28,24099.14,89.19,0.2155,1.2583,1.1711,1.3756,109.77,12/30/1899,1171.75,27.714,50.993,14308,74.125,4.1877,1.3607,33.757,55.41,1780.38
9/10/2021,4458.58,24221.54,89.17,0.2196,1.2433,1.1675,1.3639,109.74,12/30/1899,1175.3,27.778,50.86,14267,74.3138,4.1875,1.3647,33.925,55.08,1781.11
9/13/2021,4468.73,24510.98,89.28,0.2241,1.255,1.1698,1.3623,109.78,12/30/1899,1175.7,27.803,50.987,14253,74.4487,4.1845,1.3623,33.787,55.98,1805.43
9/14/2021,4443.05,24192.16,88.4,0.2242,1.2517,1.1745,1.3719,109.7,12/30/1899,1176.7,27.847,50.8,14253,74.985,4.1842,1.3563,33.855,56,1802.9
9/15/2021,4480.7,24208.78,88.01,0.2223,1.2935,1.1756,1.3729,109.65,12/30/1899,1176.85,27.86,50.689,14217,74.785,4.1862,1.3543,33.885,55.98,1791
9/16/2021,4473.75,24500.39,87.02,0.2386,1.339,1.1772,1.3763,110.02,12/30/1899,1184.4,27.86,50.656,14223,74.9938,4.179,1.3528,33.44,56.07,1792.43
9/17/2021,4432.99,24663.5,86.94,0.2406,1.3491,1.1752,1.37,110.09,12/30/1899,1181.9,27.89,50.873,14208,75.3587,4.1745,1.3537,33.2,56.04,1817.57
9/20/2021,4357.73,24575.64,84.37,0.2151,1.307,1.1795,1.3764,109.84,12/30/1899,1183.9,27.966,50.575,14218,75.515,4.179,1.346,33.31,55.35,1810.34
9/21/2021,4354.19,24036.37,85,0.2014,1.2785,1.1797,1.376,109.92,12/30/1899,1188.15,27.949,50.57,14218,75.3737,4.1835,1.3456,33.472,54.63,1813.62
9/22/2021,4395.64,24104.15,86.17,0.2093,1.3088,1.1809,1.3755,110.02,12/30/1899,1188.9,28.044,50.775,14118,75.2575,4.1827,1.3449,33.327,55.29,1813.9
9/23/2021,4448.98,23966.49,86.7,0.2094,1.2936,1.1839,1.377,110.01,12/30/1899,1192.65,28.149,50.848,14075,75.3475,4.1775,1.3446,33.357,55.69,1809.66
9/24/2021,4455.48,24701.73,85.52,0.2056,1.2835,1.1875,1.3833,109.94,12/30/1899,1190.8,28.129,50.69,14110,74.875,4.1702,1.3424,33.385,56.2,1827.73
9/27/2021,4443.11,24837.85,86.15,0.2061,1.3223,1.188,1.3871,109.71,12/30/1899,1194.8,28.092,50.614,14076,74.86,4.1645,1.3412,33.15,56.21,1823.29
9/28/2021,4352.63,25325.09,85.14,0.2061,1.3223,1.187,1.3837,109.86,12/30/1899,1198.65,28.014,50.715,14123,74.8963,4.16,1.3426,33.12,57.33,1794.36
9/29/2021,4359.46,24962.59,84.38,0.2201,1.3732,1.184,1.3786,110.28,12/30/1899,1193.95,28.003,50.845,14123,75.085,4.1543,1.3461,33.365,57.37,1789.26
9/30/2021,4307.54,25330.96,84.93,0.2162,1.3376,1.1816,1.3771,110.25,12/30/1899,1186.9,27.925,50.73,14158,74.9588,4.1575,1.3457,33.283,57.69,1794.58
10/1/2021,4357.04,25409.75,84.66,0.2124,1.2971,1.1825,1.3837,109.72,12/30/1899,1182.4,27.914,50.807,14153,75.0275,4.1695,1.3428,33.18,57.19,1787.58
10/4/2021,4300.46,25787.21,83.44,0.2127,1.3411,1.1814,1.3839,109.94,12/30/1899,1187.45,27.899,50.82,14173,74.92,4.1597,1.3415,33.455,58.08,1793.75
10/5/2021,4345.72,26136.02,83.99,0.2129,1.3259,1.1811,1.3838,109.99,12/30/1899,1179.15,27.893,50.787,14173,74.8775,4.158,1.3424,33.247,58.63,1804.51
10/6/2021,4363.55,26017.53,83.62,0.207,1.2836,1.1803,1.381,109.69,12/30/1899,1174.6,27.865,50.71,14168,74.8737,4.1505,1.3438,33.315,59,1794.06
10/7/2021,4399.76,26126.93,85.42,0.2111,1.2988,1.1817,1.384,109.38,12/30/1899,1177.15,27.837,50.77,14248,74.685,4.1495,1.3409,33.41,57.68,1753.77
10/8/2021,4391.34,26132.03,85.64,0.2193,1.3378,1.1767,1.3795,109.73,12/30/1899,1177.05,27.818,50.731,14253,74.46,4.1462,1.3449,33.32,58.16,1754.34
10/11/2021,4361.19,26038.27,85.34,0.2217,1.3616,1.1725,1.3741,109.93,12/30/1899,1168.4,27.826,50.715,14298,74.0237,4.1545,1.3485,33.055,58.65,1764.16
10/12/2021,4350.65,25628.74,84.77,0.2158,1.3107,1.1726,1.3657,109.44,12/30/1899,1167.4,27.812,50.42,14338,74.0313,4.1502,1.3517,32.795,59.63,1774.51
10/13/2021,4363.8,25555.73,86.14,0.2139,1.3226,1.1726,1.3659,109.23,12/30/1899,1170.45,27.847,50.385,14328,74.3837,4.1403,1.3527,32.757,60.2,1768.16
10/14/2021,4438.26,25377.24,86.44,0.2363,1.3006,1.1687,1.3622,109.78,12/30/1899,1169.65,27.844,50.57,14258,74.5163,4.1515,1.3534,32.915,60.5,1742.76
10/15/2021,4471.37,25154.32,87.35,0.2608,1.4301,1.1739,1.372,110.33,12/30/1899,1168.5,27.847,50.615,14243,74.4438,4.1487,1.3486,32.813,60.66,1750.42
10/18/2021,4486.46,25099.67,87.26,0.2695,1.4509,1.172,1.3679,110.73,12/30/1899,1176.55,27.86,50.345,14253,74.485,4.154,1.3537,32.725,60.21,1750.16
10/19/2021,4519.63,25024.75,88.74,0.2779,1.4871,1.1695,1.3698,111,12/30/1899,1174.4,27.874,50.175,14263,74.375,4.1588,1.3534,32.69,60.15,1734.01
10/20/2021,4536.19,25225.19,88.62,0.301,1.5374,1.1683,1.3537,111.5,12/30/1899,1181.6,27.836,50.105,14236,74.2713,4.1543,1.358,32.715,59.91,1726.37
10/21/2021,4549.78,24870.51,88.27,0.2892,1.5167,1.1598,1.3427,111.96,12/30/1899,1182.65,27.762,50.077,14213,74.2375,4.1497,1.361,32.58,60.89,1756.95
10/22/2021,4544.9,24763.77,88.08,0.2755,1.4873,1.158,1.3474,111.29,12/30/1899,1185.05,27.78,50.16,14222,74.4025,4.1532,1.3577,32.755,60.47,1760.98
10/25/2021,4566.48,24813.13,88.39,0.2638,1.4616,1.1596,1.3546,111.05,12/30/1899,1183.2,27.833,49.865,14243,74.4212,4.1705,1.3571,32.88,60.82,1769.57
10/26/2021,4574.79,24996.14,87.94,0.2776,1.4789,1.1621,1.361,110.93,12/30/1899,1177.15,27.835,50.184,14228,74.3938,4.165,1.3569,33.105,61.72,1760.18
10/27/2021,4551.68,25247.99,87.23,0.2836,1.5258,1.1598,1.3629,111.46,12/30/1899,1180.8,27.774,50.325,14238,74.5112,4.1615,1.357,33.333,61.79,1762.74
10/28/2021,4596.42,25327.97,87.41,0.2935,1.5206,1.1556,1.3582,111.41,12/30/1899,1180.85,27.791,50.395,14248,74.87,4.167,1.359,33.365,61.19,1755.78
10/29/2021,4605.38,25390.91,86.31,0.3055,1.5729,1.1552,1.3619,111.63,12/30/1899,1179.6,27.81,50.243,14258,75.0925,4.18,1.3586,33.595,60.91,1757.13
11/1/2021,4613.67,25713.78,86.99,0.3178,1.6118,1.1569,1.3615,112.24,12/30/1899,1178.4,27.799,50.425,14258,75.1687,4.1818,1.3545,33.675,59.93,1754.15
11/2/2021,4630.65,25650.08,86.04,0.3178,1.6118,1.1552,1.3595,113.31,12/30/1899,1180,27.787,50.64,14268,74.9075,4.1832,1.355,33.698,60.44,1760.18
11/3/2021,4660.57,25319.72,86.38,0.3379,1.5769,1.153,1.3588,113.61,12/30/1899,1182.5,27.779,50.592,14303,74.9913,4.1855,1.3572,33.728,60.54,1792.97
11/4/2021,4680.06,25049.97,86.28,0.358,1.5368,1.1594,1.3659,113.25,12/30/1899,1180.4,27.797,50.34,14323,75.1687,4.1985,1.3517,33.87,60.43,1795.87
11/5/2021,4697.53,24951.34,85.97,0.3602,1.5107,1.1597,1.3673,113.68,12/30/1899,1185.3,27.786,50.388,14323,75.4238,4.2105,1.3488,33.89,61.93,1767.62
11/8/2021,4701.7,24651.58,86.86,0.3949,1.5703,1.1601,1.3751,114.22,12/30/1899,1185.15,27.796,50.428,14343,75.4312,4.2297,1.3483,33.688,63.07,1764.86
11/9/2021,4685.25,24685.5,86.26,0.4254,1.6002,1.161,1.3726,114.32,12/30/1899,1189.65,27.833,50.383,14378,75.455,4.2385,1.3493,33.478,63.53,1769.29
11/10/2021,4646.71,24740.16,86.06,0.3953,1.6372,1.1633,1.3797,114.38,12/30/1899,1186.25,27.801,50.365,14398,75.52,4.2385,1.345,33.472,63.71,1782.08
11/11/2021,4649.27,24080.52,87.44,0.3854,1.6567,1.1651,1.3824,114.31,12/30/1899,1189.9,27.799,50.41,14438,75.785,4.2038,1.3436,33.408,62.75,1782.9
11/12/2021,4682.85,23852.24,87.93,0.4545,1.7011,1.1623,1.3793,113.99,12/30/1899,1193.3,27.762,50.387,14378,75.7612,4.2195,1.3474,33.377,63.1,1792.65
11/15/2021,4682.8,23475.26,87.69,0.4534,1.6324,1.1643,1.3755,113.5,12/30/1899,1193,27.753,50.417,14358,75.87,4.232,1.3482,33.415,62.51,1807.73
11/16/2021,4700.9,23658.92,88,0.4353,1.6307,1.1608,1.3767,113.71,12/30/1899,1188.05,27.714,50.375,14353,76.2312,4.2308,1.347,33.423,62.85,1792.91
11/17/2021,4688.67,23788.93,87.52,0.4396,1.6079,1.1596,1.3767,114.16,12/30/1899,1179.1,27.741,50.285,14373,76.0938,4.2327,1.3478,33.345,63.01,1796.81
11/18/2021,4704.54,23766.69,86.6,0.5029,1.5413,1.1603,1.3745,113.83,12/30/1899,1176.5,27.774,50.365,14343,76.085,4.2323,1.3484,33.615,62.78,1798.91
11/19/2021,4697.96,23349.38,86.64,0.4891,1.58,1.1681,1.379,113.58,12/30/1899,1179.9,27.741,50.34,14333,75.9163,4.2248,1.3446,33.68,62.83,1783.38
11/22/2021,4682.94,23983.66,86.28,0.497,1.5521,1.1558,1.3682,113.95,12/30/1899,1182.6,27.702,50.363,14333,75.6025,4.2163,1.3488,33.765,61.46,1793.28
11/23/2021,4690.7,23996.87,86.02,0.4992,1.5557,1.1606,1.3665,114,12/30/1899,1179.7,27.733,50.295,14343,75.5513,4.2113,1.3485,33.555,61.86,1787.76
11/24/2021,4701.46,24254.86,85.94,0.4499,1.5488,1.1579,1.3612,113.96,12/30/1899,1175.9,27.8,49.98,14368,75.245,4.2288,1.3491,33.45,62.85,1769.84
11/26/2021,4594.62,23995.72,83.39,0.4659,1.6034,1.1612,1.3687,114.01,12/30/1899,1174.2,27.807,50.025,14378,75.0188,4.233,1.3478,33.577,62.92,1792.04
11/29/2021,4655.27,23954.58,83.52,0.4244,1.5262,1.1554,1.35,113.76,12/30/1899,1181.35,27.799,49.939,14314,74.9975,4.2298,1.3511,33.522,59.06,1818.36
11/30/2021,4567,23635.95,83.29,0.4008,1.4513,1.1567,1.3498,113.41,12/30/1899,1180.25,27.815,49.948,14288,74.6563,4.2073,1.3502,33.485,60.26,1824.18
12/1/2021,4513.04,23420.76,83.36,0.4426,1.4897,1.1587,1.3563,113.23,12/30/1899,1182.6,27.771,50.19,14249,74.7375,4.2205,1.3476,33.405,57.53,1831.92
12/2/2021,4577.1,23475.5,84.28,0.4208,1.4358,1.1593,1.3557,112.87,12/30/1899,1185.95,27.836,50.048,14221,74.42,4.2265,1.3474,33.28,57.86,1849.6
12/3/2021,4538.43,23192.63,83.01,0.5129,1.5493,1.1479,1.3405,113.91,12/30/1899,1183.95,27.82,50.03,14227,74.3375,4.209,1.3529,33.195,58.31,1862.11
12/6/2021,4591.67,22744.86,83.81,0.5129,1.5493,1.1451,1.3372,114.06,12/30/1899,1181,27.809,50.236,14228,74.2588,4.213,1.3542,33.505,59.44,1864.9
12/7/2021,4686.75,22971.33,85.2,0.5115,1.5613,1.1445,1.3414,113.89,12/30/1899,1191,27.789,50.448,14253,74.5575,4.2,1.3526,33.655,60.74,1862.84
12/8/2021,4701.21,23102.33,85.67,0.5157,1.6145,1.1368,1.3416,114.12,12/30/1899,1192.55,27.733,50.987,14268,74.36,4.1955,1.3533,33.63,62.53,1850.63
12/9/2021,4667.45,23193.64,85.33,0.5179,1.6335,1.132,1.343,114.82,12/30/1899,1192.25,27.708,50.99,14253,74.4987,4.1835,1.3569,33.415,62.98,1867.48
12/10/2021,4712.02,23223.76,85.37,0.4979,1.5889,1.1319,1.3487,114.08,12/30/1899,1187.75,27.681,50.998,14266,74.3062,4.1805,1.3557,33.37,62.16,1858.94
12/13/2021,4668.97,23280.56,82.58,0.5021,1.5855,1.1371,1.3494,114.26,12/30/1899,1186.5,27.669,51.298,14303,74.0375,4.1805,1.3563,33.2,62.1,1845.73
12/14/2021,4634.09,23086.54,82.37,0.5067,1.5462,1.129,1.3451,113.99,12/30/1899,1186.8,27.681,50.955,14358,73.9125,4.1778,1.3613,33.22,62.02,1804.65
12/15/2021,4709.85,23112.01,81.95,0.5842,1.6236,1.1237,1.3397,114.88,12/30/1899,1188.1,27.622,51.18,14393,73.9175,4.166,1.3644,33.095,61.96,1789.16
12/16/2021,4668.67,23397.67,81.81,0.6142,1.6651,1.1248,1.3378,115.14,12/30/1899,1186.4,27.623,51.355,14358,73.885,4.1727,1.3653,33.13,61.37,1788.61
12/17/2021,4620.64,23274.75,81.35,0.6398,1.6341,1.1199,1.3328,115.43,12/30/1899,1188.9,27.615,51.31,14308,74.1537,4.187,1.3684,33.025,60.99,1788.85
12/20/2021,4568.02,23289.84,80.18,0.6398,1.6341,1.1209,1.3322,115.36,12/30/1899,1191.85,27.646,51.155,14303,74.2425,4.1943,1.3676,32.885,59.78,1802.59
12/21/2021,4649.23,22907.25,81.72,0.498,1.4731,1.1317,1.3337,113.38,12/30/1899,1194.05,27.688,51.205,14318,74.5825,4.214,1.3718,32.96,58.98,1784.6
12/22/2021,4696.56,23072.86,82.08,0.4843,1.4987,1.1291,1.3315,113.53,12/30/1899,1196.95,27.66,51.055,14295,74.4313,4.2085,1.3685,32.98,60.25,1774.52
12/23/2021,4725.79,23493.38,82.48,0.565,1.4443,1.1338,1.3299,113.17,12/30/1899,1200.55,27.68,51.112,14297,74.51,4.2005,1.3656,33.055,59.8,1781.73
12/27/2021,4791.19,23746.54,82.7,0.5513,1.4037,1.132,1.3279,112.78,12/30/1899,1201.55,27.662,51.248,14318,74.4275,4.1905,1.3652,32.963,60.38,1768.74
12/28/2021,4786.35,23739.06,82.51,0.6126,1.4443,1.1301,1.3305,113.11,12/30/1899,1199,27.638,51.478,14338,74.5675,4.1853,1.3694,33.195,61.51,1783.29
12/29/2021,4793.06,24402.17,82.16,0.5873,1.343,1.1315,1.3236,112.8,12/30/1899,1194.85,27.619,51.497,14363,74.7762,4.176,1.3717,33.355,61.32,1778.67
12/30/2021,4778.73,24429.77,83.15,0.6312,1.4342,1.1285,1.3264,113.48,12/30/1899,1190.55,27.593,51.36,14338,75.0688,4.1783,1.3687,33.295,61.88,1784.13
12/31/2021,4766.18,24383.32,82.7,0.6892,1.4733,1.1267,1.3244,113.6,12/30/1899,1187.85,27.614,51.385,14338,75.04,4.1827,1.3664,33.21,61.95,1782.99
1/3/2022,4796.56,24218.03,83.29,0.6815,1.5212,1.1343,1.3204,113.67,12/30/1899,1187.3,27.642,51.3,14343,74.6225,4.194,1.3617,33.202,60.6,1775.33
1/4/2022,4793.54,24112.78,82.95,0.6877,1.499,1.1293,1.3221,113.49,12/30/1899,1192.6,27.628,51.255,14351,74.8013,4.1895,1.365,33.162,61.74,1782.84
1/5/2022,4700.58,24127.85,81.57,0.6543,1.4837,1.1313,1.3273,113.44,12/30/1899,1190.15,27.695,51.303,14353,74.84,4.1855,1.3649,32.998,62.47,1786.67
1/6/2022,4696.05,24952.35,81.96,0.6324,1.4156,1.1284,1.3217,113.54,12/30/1899,1191.4,27.688,51.335,14386,74.86,4.189,1.3678,33.03,62.17,1770.85
1/7/2022,4677.03,24965.55,82.73,0.6568,1.4411,1.1259,1.3231,113.7,12/30/1899,1192.15,27.712,51.23,14388,74.6963,4.1902,1.3701,32.935,62.48,1776.92
1/10/2022,4670.29,24656.46,82.68,0.6631,1.4565,1.1289,1.3262,114.04,12/30/1899,1194.05,27.742,50.975,14383,74.7487,4.1905,1.3653,32.735,62.29,1799.35
1/11/2022,4713.07,24243.61,84.33,0.6128,1.4106,1.133,1.3323,113.67,12/30/1899,1196.1,27.801,51.048,14358,74.8075,4.1955,1.3643,32.632,61.91,1798.11
1/12/2022,4726.35,24289.9,85.6,0.6376,1.4021,1.124,1.3245,113.63,12/30/1899,1198.55,27.825,51.05,14378,74.95,4.1895,1.3677,32.7,63.05,1790.93
1/13/2022,4659.03,23807,84.48,0.6317,1.4225,1.1279,1.3207,113.61,12/30/1899,1197.75,27.834,51.125,14380,75.3775,4.1855,1.3668,32.528,62.99,1789.27
1/14/2022,4662.85,23550.08,84.36,0.6665,1.4617,1.1285,1.3262,114.1,12/30/1899,1202.5,27.836,51.39,14397,75.6013,4.184,1.3642,32.357,63.15,1803.67
1/18/2022,4577.11,23802.26,83.03,0.6606,1.4515,1.1326,1.3352,114.1,12/30/1899,1205.9,27.819,51.495,14393,75.3387,4.1792,1.362,32.175,63.65,1808.81
1/19/2022,4532.76,24573.29,83.18,0.6881,1.4927,1.1327,1.3408,114.39,12/30/1899,1206.5,27.819,51.353,14358,75.0762,4.1842,1.3584,32.17,64.4,1810.26
1/20/2022,4482.73,24579.55,84,0.6881,1.4927,1.1319,1.3386,114.38,12/30/1899,1197.05,27.845,51.252,14343,75.11,4.185,1.3589,32.167,64.62,1812.13
1/21/2022,4397.94,24329.49,82.6,0.6987,1.4756,1.1328,1.3441,114.87,12/30/1899,1200.4,27.868,51.333,14353,74.6625,4.1838,1.3569,32.408,65.59,1806.18
1/24/2022,4410.13,24829.99,81.59,0.75,1.4807,1.131,1.3434,114.82,12/30/1899,1198.15,27.889,51.36,14328,74.515,4.1832,1.354,32.253,65.98,1804.71
1/25/2022,4356.45,24924.35,81.29,0.7461,1.5496,1.1349,1.349,114.95,12/30/1899,1196.3,27.887,51.382,14303,74.875,4.1902,1.3523,32.557,65.6,1814.67
1/26/2022,4349.93,24906.66,80.11,0.7244,1.5083,1.1325,1.3499,115.08,12/30/1899,1196.6,27.864,51.29,14258,74.5663,4.1895,1.3524,32.51,66.48,1829.2
1/27/2022,4326.51,24556.57,78.76,0.7322,1.5101,1.137,1.3532,115.08,12/30/1899,1198.5,27.866,51.338,14318,75.6537,4.186,1.349,32.675,66.92,1801.45
1/28/2022,4431.85,24355.71,78.98,0.7678,1.628,1.1297,1.348,115.32,12/30/1899,1193.75,27.821,51.357,14328,75.2925,4.1847,1.3539,32.6,66.56,1814.6
1/31/2022,4515.55,24718.9,81.65,0.7599,1.6473,1.1287,1.353,116.16,12/30/1899,1199.95,27.877,51.39,14328,75.3425,4.1877,1.3552,32.688,66.29,1810.44
2/1/2022,4546.54,24792.77,82.03,0.8256,1.7052,1.1314,1.3557,116.11,12/30/1899,1197.65,27.879,51.46,14366,75.7125,4.1858,1.3577,32.618,66.75,1791.16
2/2/2022,4589.38,24327.71,81.93,0.8656,1.7211,1.1297,1.3532,115.83,12/30/1899,1197.2,28.025,51.115,14338,75.91,4.1803,1.3608,32.68,66.86,1796.55
2/3/2022,4477.44,24170.07,81.07,0.8621,1.762,1.136,1.3588,115.56,12/30/1899,1195.75,28.021,51.35,14383,76.1675,4.185,1.3557,32.972,67.08,1801.68
2/4/2022,4500.53,23520,81.52,0.8944,1.7603,1.1326,1.3577,115.2,12/30/1899,1191.95,28.025,51.28,14367,76.9662,4.1842,1.3564,33.167,67.95,1821.6
2/7/2022,4483.87,23660.28,81.3,0.8825,1.7357,1.1367,1.3635,115.3,12/30/1899,1192.6,28.068,51.235,14337,76.9125,4.2052,1.3505,33.065,68.31,1826.15
2/8/2022,4521.54,22901.56,81.92,0.9189,1.7428,1.1442,1.37,114.64,12/30/1899,1193.55,28.06,51.43,14384,76.5638,4.2023,1.3458,33.15,68.82,1822.54
2/9/2022,4587.18,22767.18,83.32,0.8929,1.7041,1.1455,1.3706,114.2,12/30/1899,1202.5,28.111,51.495,14388,76.3075,4.1993,1.3456,33.292,68.4,1817.94
2/10/2022,4504.08,22713.02,82.69,0.9668,1.7841,1.1411,1.3675,114.19,12/30/1899,1201.75,28.257,51.742,14408,76.5938,4.1932,1.3477,33.387,69.73,1819.23
2/11/2022,4418.64,22761.71,81.39,0.9668,1.7841,1.1408,1.3647,114.63,12/30/1899,1202.5,28.369,52.165,14398,76.5663,4.1953,1.3484,33.525,70.14,1813.74
2/14/2022,4401.67,22343.92,80.66,1.0425,1.8735,1.1325,1.3596,114.61,12/30/1899,1206,28.443,52.3,14348,76.6113,4.188,1.3505,33.382,70.77,1840.54
2/15/2022,4471.07,22467.34,82.35,1.0572,1.8646,1.1343,1.3612,114.33,12/30/1899,1204.65,28.326,52.23,14282,76.265,4.1778,1.3481,33.232,70.92,1839.29
2/16/2022,4475.01,21905.29,82.76,1.0249,1.804,1.1312,1.36,114.11,12/30/1899,1214.15,28.396,52.168,14303,75.805,4.1788,1.3473,33.325,69.19,1835.38
2/17/2022,4380.26,21057.63,82.01,1.0014,1.7581,1.1344,1.3553,113.68,12/30/1899,1227,28.522,52.29,14333,76.125,4.1823,1.3448,33.537,69.75,1843.06
2/18/2022,4348.87,20765.87,81.33,0.971,1.7706,1.1326,1.3488,113.95,12/30/1899,1237.4,28.618,52.485,14330,76.1862,4.186,1.3464,33.515,69.73,1848.02
2/22/2022,4304.76,20627.71,80.06,1.0174,1.7689,1.1301,1.3501,113.88,12/30/1899,1228.4,28.623,52.41,14312,76.3037,4.1888,1.3443,33.59,70.06,1819.59
2/23/2022,4225.5,20890.26,79.19,1.1504,1.8637,1.124,1.3463,114.64,12/30/1899,1231.7,28.44,52.33,14303,76.3725,4.1955,1.347,33.612,71.21,1797.43
2/24/2022,4288.7,20553.79,78.15,1.1882,1.7994,1.1145,1.3383,115.37,12/30/1899,1241.85,28.353,52.155,14342,76.2063,4.206,1.3528,33.57,72.07,1791.53
2/25/2022,4384.65,19531.66,79.39,1.1623,1.7694,1.1151,1.3401,115.26,12/30/1899,1242.8,28.481,52.35,14340,76.165,4.2067,1.3551,33.772,70.57,1797.17
2/28/2022,4373.94,18415.08,78.62,1.1787,1.7767,1.1235,1.3447,115.11,12/30/1899,1235.7,28.539,52.36,14357,75.9875,4.198,1.3513,33.675,69.36,1801.19
3/1/2022,4306.26,20087.5,77.91,1.1651,1.7875,1.1272,1.3522,114.71,12/30/1899,1214.35,28.556,52.452,14347,75.9075,4.1962,1.3483,33.298,68.85,1806.8
3/2/2022,4386.54,21501.23,78.03,1.1535,1.7751,1.1305,1.3577,114.46,12/30/1899,1208.25,28.597,52.395,14352,75.7862,4.195,1.3472,33.257,70.43,1804.85
3/3/2022,4363.49,21412.4,76.85,1.1959,1.8306,1.144,1.3598,114.97,12/30/1899,1216.35,28.613,52.323,14341,75.545,4.2045,1.3439,33.463,73.39,1808.28
3/4/2022,4328.87,21221.34,75.19,1.3099,1.9085,1.1449,1.3531,115.26,12/30/1899,1218.6,28.766,52.148,14363,75.3275,4.2172,1.3458,33.513,73.86,1820.47
3/7/2022,4201.09,21889.28,72.26,1.2903,1.9159,1.1442,1.3536,115.1,12/30/1899,1213.9,28.775,52.125,14364,75.76,4.2235,1.3435,33.415,76.17,1825.92
3/8/2022,4170.7,22154.08,72.38,1.3414,1.9632,1.1415,1.3543,115.55,12/30/1899,1218.75,28.563,52.09,14343,75.96,4.2257,1.3451,33.505,75.43,1833.36
3/9/2022,4277.88,21945.95,74.4,1.3644,1.9415,1.1425,1.3535,115.52,12/30/1899,1218.75,28.626,52.028,14369,75.905,4.2095,1.3418,33.615,72.7,1826.85
3/10/2022,4259.52,21404.88,72.83,1.5786,2.0294,1.1428,1.3557,116.01,12/30/1899,1227.2,28.699,51.755,14368,75.96,4.2165,1.3447,33.57,69.83,1858.76
3/11/2022,4204.31,21684.97,71.14,1.4997,1.9371,1.135,1.3564,115.42,12/30/1899,1219.6,28.761,51.668,14355,76.1362,4.2135,1.3471,33.665,70.62,1871.18
3/14/2022,4173.11,21927.63,69.43,1.5744,1.9875,1.1307,1.3528,115.54,12/30/1899,1209.6,28.838,51.37,14347,76.18,4.204,1.3471,33.745,72.65,1853.61
3/15/2022,4262.45,22232.03,69.55,1.5774,2.0434,1.1359,1.3538,115.61,12/30/1899,1211.9,28.914,51.208,14357,76.2637,4.2035,1.3457,33.757,70.7,1869.8
3/16/2022,4357.86,21996.85,75.88,1.5208,2.0382,1.1373,1.3586,115.52,12/30/1899,1215.5,29.065,51.435,14359,76.5062,4.2125,1.3439,33.823,71.4,1898.43
3/17/2022,4411.67,22039.55,75.24,1.4662,1.9615,1.1361,1.3616,114.94,12/30/1899,1214.45,29.157,51.418,14362,76.21,4.22,1.3432,33.94,70.02,1898.43
3/18/2022,4463.12,22502.31,76.58,1.4654,1.9286,1.1322,1.3589,115.01,12/30/1899,1212.7,29.075,51.588,14366,76.1588,4.209,1.346,34.037,72.49,1906.29
3/21/2022,4461.18,22080.52,74.94,1.4654,1.9286,1.1311,1.3602,114.74,12/30/1899,1218.35,28.996,52.045,14363,76.485,4.2137,1.3463,34.215,72.43,1898.64
3/22/2022,4511.61,21808.98,76.36,1.5491,1.939,1.1325,1.3585,115.08,12/30/1899,1219.3,29.121,52.12,14363,76.695,4.2195,1.3455,34.32,74.2,1909.01
3/23/2022,4456.24,21872.01,75.52,1.6016,1.9912,1.1307,1.3544,115.01,12/30/1899,1225.5,29.199,52.033,14344,76.58,4.221,1.3461,34.458,73.97,1903.89
3/24/2022,4520.16,21208.3,75.91,1.5797,1.9633,1.1192,1.338,115.53,12/30/1899,1233.3,29.235,52.268,14354,76.5262,4.231,1.3554,34.252,74.82,1889.34
3/25/2022,4543.06,21319.13,75.1,1.5697,1.9617,1.1268,1.3409,115.55,12/30/1899,1236.2,29.263,52.463,14344,76.4888,4.232,1.3533,34.507,73.1,1908.99
3/28/2022,4575.52,21374.37,75.42,1.4323,1.825,1.1219,1.342,115,12/30/1899,1227.25,29.201,52.483,14356,76.4325,4.2315,1.3549,34.07,74.2,1945.28
3/29/2022,4631.6,21518.08,76.77,1.3407,1.7275,1.1125,1.3325,114.92,12/30/1899,1224.45,29.264,52.368,14344,76.515,4.2305,1.3579,34.345,72.77,1928.72
3/30/2022,4602.45,21027.76,76.51,1.512,1.8767,1.1119,1.3406,115.52,12/30/1899,1229.8,29.358,52.33,14357,76.4212,4.2355,1.3542,34.61,72.67,1935.95
3/31/2022,4530.41,20944.67,75.03,1.53,1.8405,1.1066,1.3348,115.46,12/30/1899,1234.2,29.306,52.415,14458,76.2625,4.2555,1.3562,34.54,73.42,1970.7
4/1/2022,4545.86,20682.22,76.3,1.4759,1.7307,1.0928,1.323,114.82,12/30/1899,1236.6,29.392,52.265,14411,76.93,4.2823,1.3604,34.62,73.67,1998.11
4/4/2022,4582.64,20638.52,77.92,1.5503,1.7734,1.0854,1.3104,115.32,12/30/1899,1235.9,29.517,52.12,14422,77.4637,4.289,1.3619,34.72,76.89,2050.76
4/5/2022,4525.12,19869.34,76.49,1.5987,1.8456,1.0899,1.3102,115.67,12/30/1899,1238.5,29.475,52.255,14497,77.32,4.325,1.3658,34.783,77.7,1991.83
4/6/2022,4481.15,19934.71,75.35,1.6798,1.9531,1.1076,1.3181,115.83,12/30/1899,1239,29.523,52.193,14558,77.2425,4.357,1.3584,34.52,76.74,1996.98
4/7/2022,4500.21,19946.36,74.68,1.6963,1.9864,1.0986,1.3086,116.14,12/30/1899,1249.5,29.521,52.375,14557,77.425,4.3555,1.3594,34.61,75.51,1988.46
4/8/2022,4488.28,20276.17,74.71,1.748,1.9917,1.0912,1.3037,117.29,12/30/1899,1250.85,29.5,52.495,14558,77.445,4.3577,1.3629,34.555,76.58,1950.88
4/11/2022,4412.53,21089.39,73.37,1.8609,2.133,1.094,1.3002,118.19,12/30/1899,1265.25,29.667,52.395,14597,77.5638,4.3643,1.3669,34.263,76.71,1917.94
4/12/2022,4397.45,21101.89,73.14,1.8491,2.1437,1.0956,1.3042,118.3,12/30/1899,1272.4,29.742,52.497,14613,77.5825,4.3538,1.3658,34.177,75.83,1927.29
4/13/2022,4446.59,20869.52,74.28,1.9379,2.1849,1.1035,1.3149,118.73,12/30/1899,1255.85,29.705,52.38,14650,77.7275,4.3488,1.3588,34.147,76.45,1942.89
4/14/2022,4392.59,20793.4,73.29,1.9138,2.1706,1.1091,1.3149,118.6,12/30/1899,1265.45,29.697,52.283,14688,77.5462,4.3665,1.3536,34.23,76.99,1921.62
4/18/2022,4391.69,20001.96,72.87,1.9362,2.1494,1.1051,1.3178,119.17,12/30/1899,1267.9,29.829,52.482,14733,77.52,4.3845,1.3566,34.195,76.34,1935.91
4/19/2022,4462.21,19633.69,72.69,2.1153,2.2896,1.1016,1.3169,119.47,12/30/1899,1265.95,29.804,52.457,14652,77.5887,4.3828,1.3577,34.153,75.8,1921.69
4/20/2022,4459.45,19824.57,72.24,2.1641,2.3825,1.1029,1.3262,120.8,12/30/1899,1273.3,29.812,52.493,14674,77.525,4.3775,1.3566,34.077,73.71,1943.86
4/21/2022,4393.66,19380.34,70.92,2.0961,2.2917,1.1004,1.3205,121.15,12/30/1899,1273.65,29.723,52.436,14658,77.5775,4.394,1.3579,34.217,73.78,1957.69
4/22/2022,4271.78,19898.77,70.54,2.1387,2.3718,1.0997,1.3187,122.35,12/30/1899,1276.1,29.705,52.455,14633,77.5712,4.3987,1.3575,34.335,75.03,1958.29
4/25/2022,4296.12,19950.21,69.99,2.2696,2.4731,1.0983,1.3182,122.05,12/30/1899,1275.3,29.76,52.46,14577,77.5425,4.3907,1.3581,34.35,73.2,1922.8
4/26/2022,4175.2,20602.52,68.5,2.3277,2.4585,1.0985,1.3088,123.86,12/30/1899,1288.5,29.654,52.225,14558,77.6375,4.3973,1.3611,34.3,72.33,1919.43
4/27/2022,4183.96,20644.28,69.39,2.3646,2.3944,1.1086,1.3093,122.88,12/30/1899,1284.15,29.619,52.27,14583,77.5287,4.4045,1.3562,34.47,72.48,1932.87
4/28/2022,4287.5,20120.68,70.41,2.3063,2.3488,1.1159,1.3134,121.83,12/30/1899,1284.15,29.613,52.33,14483,77.6138,4.3892,1.3526,34.52,72.04,1937.44
4/29/2022,4131.93,20717.24,70.92,2.3345,2.338,1.1067,1.3138,121.7,12/30/1899,1274.95,29.54,52.357,14438,77.6325,4.3898,1.3545,34.485,72.13,1925.68
5/2/2022,4155.38,20470.06,71.01,2.4564,2.3822,1.1043,1.3114,122.52,12/30/1899,1266.65,29.49,52.41,14452,77.6313,4.3965,1.357,34.76,71.47,1932.73
5/3/2022,4175.48,20112.1,71.59,2.4221,2.3951,1.0972,1.3116,122.79,12/30/1899,1277.3,29.339,52.335,14457,77.71,4.3945,1.3566,34.83,71.77,1923.6
5/4/2022,4300.17,20171.27,72.28,2.5139,2.5469,1.0905,1.3074,123.6,12/30/1899,1268.15,29.122,52.318,14493,77.7363,4.394,1.3594,34.978,71.87,1925.35
5/5/2022,4146.87,20116.2,69.57,2.4714,2.5975,1.0896,1.3069,123.8,12/30/1899,1264.4,29.045,52.389,14563,77.765,4.3792,1.3598,35.035,73.69,1931.86
5/6/2022,4123.34,20697.36,68.61,2.4595,2.6578,1.0879,1.3075,123.95,12/30/1899,1266.35,29.272,52.487,14550,77.8412,4.366,1.3614,35.097,74,1947.54
5/9/2022,3991.24,21123.93,66.52,2.5115,2.7,1.0877,1.3025,124.34,12/30/1899,1264.5,29.379,52.791,14681,78.0387,4.377,1.3636,35.228,74.05,1953.52
5/10/2022,4001.05,21415.2,67.01,2.4975,2.7801,1.0884,1.303,125.37,12/30/1899,1267.6,29.408,52.866,14698,78.005,4.3835,1.3651,35.29,71.69,1966.76
5/11/2022,3935.18,21294.94,66.49,2.4054,2.7213,1.0828,1.3001,125.38,12/30/1899,1256.35,29.51,52.872,14743,78.0725,4.3892,1.3641,35.302,71.51,1977.8
5/12/2022,3930.08,21082.13,66.21,2.3481,2.6987,1.0888,1.3117,125.62,12/30/1899,1239.15,29.521,52.959,14768,78.075,4.3888,1.3624,35.478,74.71,1973.71
5/13/2022,4023.89,21653.9,68.1,2.4539,2.8275,1.0828,1.3071,125.88,12/30/1899,1237.5,29.519,52.921,14823,78.0762,4.3938,1.3569,35.51,74.33,1978.24
5/16/2022,4008.01,21531.67,67.72,2.4539,2.8275,1.081,1.306,126.46,12/30/1899,1252.5,29.578,52.96,14833,77.98,4.3945,1.357,35.482,74.45,1978.91
5/17/2022,4088.85,22014.59,69.66,2.448,2.8527,1.0782,1.3019,126.99,12/30/1899,1242.4,29.734,52.985,14812,78.0825,4.3932,1.3619,35.307,74.54,1950.09
5/18/2022,3923.68,21869.05,67.99,2.5915,2.9361,1.0788,1.2998,128.91,12/30/1899,1257.4,29.702,53.295,14868,78.3862,4.402,1.3678,35.107,75.01,1957.77
5/19/2022,3900.79,21806.18,69.06,2.5753,2.832,1.0853,1.3068,127.86,12/30/1899,1253.8,29.743,53.246,14838,78.3125,4.4175,1.3631,35.2,73.96,1951.62
5/20/2022,3901.36,21067.58,69.37,2.6822,2.9095,1.0834,1.303,128.38,12/30/1899,1256.7,29.736,53.451,14848,78.3438,4.4215,1.3637,35.353,74.69,1931.6
5/23/2022,3973.75,21067.99,69.77,2.6672,2.8987,1.079,1.2839,128.5,12/30/1899,1268.55,29.724,53.478,14803,78.3475,4.4123,1.3711,35.635,74.19,1897.83
5/24/2022,3941.48,21308.21,68.27,2.6257,2.8198,1.0713,1.2741,128.14,12/30/1899,1283.95,29.744,53.745,14837,78.7688,4.4032,1.3743,35.658,75.21,1905.51
5/25/2022,3978.73,20845.43,68.59,2.4773,2.7205,1.0638,1.2574,127.23,12/30/1899,1286.45,29.71,54.073,14850,78.9662,4.4032,1.3791,35.823,75.52,1886.1
5/26/2022,4057.84,21075,69.69,2.591,2.8318,1.0557,1.2545,128.43,12/30/1899,1290.35,29.788,54.265,14898,78.9725,4.4,1.3812,36.085,75.88,1894.45
5/27/2022,4158.24,21163.91,70.57,2.6173,2.8224,1.0499,1.2457,130.85,12/30/1899,1286.25,29.781,54.49,14938,79.0412,4.3965,1.3868,36.145,76.08,1896.93
5/31/2022,4132.15,21559.59,71.69,2.7146,2.9336,1.0545,1.2574,129.7,12/30/1899,1287.65,29.728,54.675,14968,78.9512,4.4055,1.3834,36.018,76.06,1863.02
6/1/2022,4101.23,21008.34,71.11,2.7312,2.9807,1.0507,1.2492,130.16,12/30/1899,1292.2,29.606,54.99,14988,79.3587,4.406,1.3864,36.175,75.45,1868.12
6/2/2022,4176.82,21273.87,72.49,2.7824,2.9712,1.0521,1.2499,130.14,12/30/1899,1293.65,29.653,54.795,14997,79.3038,4.4025,1.3843,36.307,75.69,1881.22
6/3/2022,4108.54,21719.06,71.14,2.6421,2.9344,1.0622,1.2631,129.09,12/30/1899,1297.55,29.674,54.75,14996,79.1775,4.4045,1.3742,36.515,76.41,1877.18
6/6/2022,4121.43,22229.52,71.86,2.7034,3.0365,1.0542,1.2362,130.2,12/30/1899,1301.55,29.721,55.074,14977,79.2525,4.397,1.3846,36.607,76.22,1883.81
6/7/2022,4160.68,22418.97,72.21,2.7308,3.1265,1.0551,1.2348,130.56,12/30/1899,1298.4,29.767,54.975,14973,79.4375,4.3993,1.3852,36.612,75.87,1854.17
6/8/2022,4115.77,21996.89,72.8,2.5938,3.0338,1.0561,1.2332,130.29,12/30/1899,1286.5,29.75,55.08,14988,79.6025,4.4085,1.3907,36.612,77.69,1838.27
6/9/2022,4017.82,21859.79,70.73,2.6124,2.9908,1.0529,1.2316,130.45,12/30/1899,1283.65,29.775,55.075,14988,79.635,4.4075,1.3908,36.662,78.58,1852.4
6/10/2022,3900.86,21830.35,70.13,2.6371,2.9207,1.0513,1.2251,129.97,12/30/1899,1299.5,29.811,55.255,14993,79.8788,4.4137,1.3896,36.915,79.4,1821.82
6/13/2022,3749.63,21853.07,67.81,2.5592,2.8479,1.038,1.2202,128.34,12/30/1899,1298.8,29.788,55.693,14993,79.88,4.4193,1.3963,36.7,78.86,1811.79
6/14/2022,3735.48,21586.66,68.87,2.578,2.9185,1.0412,1.2262,129.22,12/30/1899,1297.25,29.79,56.07,14982,79.98,4.4245,1.3929,36.623,79.52,1824.14
6/15/2022,3789.99,21643.58,69.62,2.5698,2.8822,1.0434,1.2319,129.16,12/30/1899,1296.85,29.821,55.935,14978,79.95,4.4275,1.3918,36.688,78.6,1815.16
6/16/2022,3666.77,21725.78,67.56,2.7003,2.986,1.055,1.2493,129.38,12/30/1899,1300.3,29.898,55.993,14988,79.9888,4.4262,1.385,36.807,78.2,1816.6
6/17/2022,3674.84,21124.2,67.96,2.6694,2.884,1.0464,1.2341,128.23,12/30/1899,1306.6,29.85,56.375,15033,79.9512,4.4388,1.392,36.01,79.49,1841.85
6/21/2022,3764.79,20844.74,69.2,2.6073,2.837,1.0588,1.2467,127.79,12/30/1899,1299.95,29.885,56.275,15018,79.8537,4.437,1.3811,36.13,77.06,1846.5
6/22/2022,3759.89,20797.95,67.94,2.5807,2.7811,1.0564,1.248,127.88,12/30/1899,1300.4,29.95,56.155,14998,79.7363,4.4443,1.3804,36.28,76.91,1853.59
6/23/2022,3795.73,20751.21,68.43,2.6204,2.8514,1.0691,1.2588,127.9,12/30/1899,1303.9,29.917,56.415,14997,79.7813,4.4493,1.3734,36.03,75.55,1866.45
6/24/2022,3911.74,20297.72,70.1,2.4787,2.7506,1.0736,1.2532,126.83,12/30/1899,1312.25,29.909,56.368,15012,79.9025,4.454,1.3719,35.57,72.87,1853.46
6/27/2022,3900.11,20846.18,70.02,2.4919,2.7452,1.0681,1.2574,127.32,12/30/1899,1306.9,29.898,56.275,14933,79.7575,4.449,1.3758,35.763,74.84,1850.63
6/28/2022,3821.55,20661.06,69.62,2.4758,2.7469,1.0725,1.26,127.12,12/30/1899,1312.05,29.894,56.31,14833,79.2688,4.4515,1.3731,35.372,76.03,1853.72
6/29/2022,3818.83,20890.22,69.37,2.4758,2.7378,1.0735,1.2631,127.11,12/30/1899,1326.2,29.925,56.368,14873,79.0262,4.458,1.3692,35.565,77.92,1855.23
6/30/2022,3785.38,20574.63,69.2,2.4758,2.7378,1.0779,1.2652,127.59,12/30/1899,1317.3,29.916,56.298,14893,78.7137,4.4523,1.3671,35.19,77.11,1837.35
7/1/2022,3825.33,20609.14,68.69,2.5565,2.8441,1.0734,1.2602,128.67,12/30/1899,1313.5,29.919,56.095,14913,79.1625,4.4532,1.3699,35.502,74.42,1846.6
7/5/2022,3831.39,20562.94,68.37,2.6416,2.9058,1.065,1.2487,130.13,12/30/1899,1312.9,29.941,55.315,14933,79.4725,4.4577,1.3745,35.425,74.37,1868.58
7/6/2022,3845.08,20905.88,67.86,2.6296,2.9076,1.0747,1.2578,129.84,12/30/1899,1307.75,29.937,55.705,14893,79.2487,4.4583,1.3706,35.415,70.25,1851.19
7/7/2022,3902.62,20670.04,69.28,2.6525,2.9332,1.0719,1.2488,130.88,12/30/1899,1312.9,29.941,55.835,14878,79.6525,4.4535,1.3761,35.607,70.42,1841.43
7/8/2022,3899.38,20622.68,69.21,2.7262,3.0399,1.0696,1.2532,131.88,12/30/1899,1313.45,29.982,55.15,14853,79.5175,4.4508,1.3766,35.673,71.97,1852.37
7/11/2022,3854.43,20156.51,67.24,2.7265,2.9736,1.0703,1.2592,132.59,12/30/1899,1307.9,30.004,55.325,14872,79.6375,4.4528,1.3736,36.065,72.82,1853.36
7/12/2022,3818.8,20165.84,67.05,2.7739,3.0215,1.0716,1.2537,134.25,12/30/1899,1313.25,29.999,55.438,14768,79.655,4.455,1.3758,36.105,74.41,1847.95
7/13/2022,3801.78,19689.21,66.96,2.8113,3.0418,1.0617,1.2493,134.36,12/30/1899,1299.5,30.004,55.74,14668,79.4475,4.4567,1.3831,36.045,71.49,1871.6
7/14/2022,3790.38,19767.09,66.53,3.0632,3.1555,1.0519,1.2315,134.41,12/30/1899,1299.25,29.961,55.615,14743,79.6812,4.4573,1.3879,35.825,72.31,1819.26
7/15/2022,3863.16,20174.04,66.74,3.3541,3.3598,1.0409,1.2134,134.42,12/30/1899,1304.05,30.012,55.205,14768,79.7825,4.4505,1.3951,36.02,70.87,1808.49
7/18/2022,3830.85,20201.94,67.15,3.4267,3.4733,1.0416,1.1997,135.47,12/30/1899,1305.1,30.001,55.543,14833,79.8675,4.4587,1.3934,36.458,71.78,1833.82
7/19/2022,3936.69,20045.77,68.2,3.1908,3.2839,1.0444,1.218,133.84,12/30/1899,1310.5,30.016,55.605,14838,79.8625,4.4545,1.3862,36.35,74.29,1857.33
7/20/2022,3959.9,20003.44,67.81,3.0933,3.1952,1.0549,1.2352,132.21,12/30/1899,1310.15,29.954,55.673,14888,79.815,4.4557,1.3834,36.463,74.54,1839.39
7/21/2022,3998.95,19610.84,68.48,3.1785,3.2256,1.0499,1.2241,135.02,12/30/1899,1298.25,29.983,55.31,14838,79.8837,4.445,1.3905,36.67,74.19,1838.74
7/22/2022,3961.63,20082.43,67.61,3.1785,3.2256,1.0511,1.2253,135.07,12/30/1899,1306.4,29.995,55.625,14848,79.8712,4.444,1.3888,36.705,73.04,1832.98
7/25/2022,3966.84,20175.62,67.91,3.1963,3.2749,1.0533,1.2277,136.57,12/30/1899,1304.45,30.003,55.843,14823,79.97,4.459,1.3854,36.545,72.59,1837.72
7/26/2022,3921.05,20040.86,67.31,3.0559,3.1561,1.0566,1.2266,136.26,12/30/1899,1310.45,29.99,55.84,14818,79.46,4.4668,1.3867,36.525,73.77,1822.77
7/27/2022,4023.61,19830.52,68.52,3.0145,3.087,1.0523,1.226,134.95,12/30/1899,1303.2,30.004,55.88,14897,79.555,4.467,1.3903,36.69,73.8,1826.88
7/28/2022,4072.43,19922.45,68.55,3.0632,3.1301,1.0553,1.2268,135.23,12/30/1899,1302.45,30.028,55.88,14843,79.7988,4.4732,1.3862,36.42,75.49,1822.85
7/29/2022,4130.29,19763.91,68,3.1212,3.1997,1.0584,1.2265,135.46,12/30/1899,1308.25,30.103,55.945,14843,79.8475,4.4777,1.3859,36.31,74.35,1820.01
8/1/2022,4118.63,19773.03,67.41,3.1096,3.1715,1.0519,1.2184,136.14,12/30/1899,1310.35,30.208,56.206,14883,79.8375,4.486,1.3878,36.368,75.4,1817.73
8/2/2022,4091.19,19656.98,67.05,3.0385,3.0891,1.0442,1.2124,136.59,12/30/1899,1320.55,30.276,56.09,14897,79.9037,4.4885,1.3937,36.26,73.92,1807.27
8/3/2022,4155.17,19503.25,67.66,2.9533,3.0129,1.0484,1.2178,135.72,12/30/1899,1325.85,30.202,56.043,14903,79.7162,4.4852,1.3905,36.61,75.43,1811.43
8/4/2022,4151.94,19268.74,68.25,2.8329,2.8803,1.0414,1.2095,135.21,12/30/1899,1339.7,30.227,56.033,14887,79.5863,4.4715,1.3967,36.78,74.69,1808.15
8/5/2022,4145.19,19968.38,68.16,2.8329,2.8803,1.0422,1.2118,135.62,12/30/1899,1345.7,30.409,56.225,14918,79.53,4.4663,1.3955,37.065,72.58,1764.76
8/8/2022,4140.06,20170.04,67.94,2.8184,2.8054,1.0266,1.1947,135.85,12/30/1899,1342.25,30.468,56.156,14898,79.1475,4.49,1.4059,36.99,72.47,1738.86
8/9/2022,4122.47,20023.22,67.66,3.0018,2.928,1.0182,1.1926,135.95,12/30/1899,1335.45,30.441,56.435,14830,79.44,4.476,1.4058,37.005,74.22,1740.16
8/10/2022,4210.24,19949.03,68.3,3.0141,2.9945,1.016,1.2023,136.01,12/30/1899,1331.5,30.536,56.77,14842,79.6987,4.483,1.4005,37.145,73.88,1742.48
8/11/2022,4207.27,19954.39,68.67,3.1047,3.0803,1.0185,1.2033,136.1,12/30/1899,1350.4,30.589,56.985,14852,79.745,4.4865,1.3988,37.37,75.24,1733.96
8/12/2022,4280.15,19597.31,69.22,3.0718,2.9928,1.004,1.1892,137.44,12/30/1899,1346.7,30.725,56.994,14908,79.7725,4.4913,1.406,37.465,75.55,1726
8/15/2022,4297.14,19452.09,68.87,3.0491,2.9687,1.0037,1.1889,136.87,12/30/1899,1338.1,30.759,57.143,14898,79.7563,4.4978,1.4073,37.875,75.27,1735.51
8/16/2022,4305.2,19225.7,68.83,3.1547,2.9336,1.0059,1.1889,137.39,12/30/1899,1354.7,30.935,57.135,14953,79.9788,4.502,1.4044,37.978,74.61,1709.94
8/17/2022,4274.04,19202.73,68.48,3.1321,2.9595,1.0018,1.1824,138.96,12/30/1899,1362.7,30.91,56.83,14978,80.865,4.5017,1.404,38.37,73.65,1708.17
8/18/2022,4283.74,19044.3,68.08,3.1201,2.9152,1.008,1.1855,138.57,12/30/1899,1371.75,30.88,56.868,14983,80.9912,4.4978,1.4001,38.092,73.89,1709.22
8/19/2022,4228.48,18854.62,67.23,3.1744,2.9855,1.0143,1.1953,138.14,12/30/1899,1372.4,30.896,56.793,14998,81.625,4.5037,1.3963,37.73,73.46,1711.67
8/22/2022,4137.99,19362.25,66.74,3.2374,3.0209,1.0227,1.1995,138.19,12/30/1899,1384.1,31.104,57.095,15018,81.5762,4.5072,1.3926,38.132,73.1,1696.58
8/23/2022,4128.73,19326.86,66.94,3.2272,3.0265,1.018,1.1973,138.21,12/30/1899,1380.75,31.135,57.165,15038,81.9413,4.528,1.3936,37.552,73.15,1718.81
8/24/2022,4140.77,18847.1,66.98,3.085,2.8747,1.023,1.1995,137.36,12/30/1899,1373.85,31.308,57.415,15128,81.8487,4.5352,1.3897,37.405,73.76,1727.64
8/25/2022,4199.12,18930.38,68.55,2.97,2.7504,1.0213,1.1999,136.12,12/30/1899,1391.05,31.369,57.425,15123,81.3488,4.5505,1.3881,37.34,73.42,1719.78
8/26/2022,4057.66,18761.69,67.44,3.0161,2.7959,1.022,1.2043,136.69,12/30/1899,1394,31.366,57.49,15263,81.8763,4.559,1.3865,37.397,72.66,1717.32
8/29/2022,4030.61,18565.97,66.94,3.0528,2.8068,1.0117,1.2028,136.91,12/30/1899,1388.7,31.452,57.995,15263,81.5175,4.5535,1.3896,37.912,72.63,1734.19
8/30/2022,3986.16,18781.42,66.34,2.9979,2.7849,1.02,1.2158,136.57,12/30/1899,1393.65,31.624,58.49,15228,81.89,4.567,1.3827,38.167,73.38,1755.84
8/31/2022,3955,18444.62,66.96,2.8622,2.6759,1.0197,1.218,134.27,12/30/1899,1389.7,31.673,58.495,15303,82.3313,4.5775,1.3799,38.082,71.63,1765.94
9/1/2022,3966.85,18147.95,66.4,2.8844,2.6487,1.022,1.2171,133.27,12/30/1899,1394.85,31.837,58.989,15245,82.3225,4.6035,1.3805,38.235,71.46,1772.17
9/2/2022,3924.26,17933.27,65.59,2.8701,2.5732,1.0262,1.225,131.61,12/30/1899,1411.3,31.774,58.992,15193,82.3256,4.6108,1.3776,38.083,69.86,1760.39
9/6/2022,3908.19,17855.14,64.86,3.0508,2.7483,1.0166,1.217,133.17,12/30/1899,1409.55,31.88,58.982,15188,82.31,4.6302,1.3822,38.2,69.87,1765.29
9/7/2022,3979.87,17860.31,65.43,3.0651,2.7046,1.0166,1.2149,133.86,12/30/1899,1430.85,31.855,58.647,15253,82.345,4.636,1.3809,38.155,69.93,1791.28
9/8/2022,4006.18,17250.88,65.08,3.0427,2.6883,1.0246,1.216,132.89,12/30/1899,1422.45,31.771,58.995,15313,82.3375,4.6375,1.3764,38.37,67.55,1775.5
9/9/2022,4067.36,17165.87,66.06,3.2257,2.8268,1.0183,1.2073,135.01,12/30/1899,1440.15,31.878,58.67,15358,82.355,4.6483,1.3813,38.298,67.66,1788.96
9/12/2022,4110.41,17222.83,66.87,3.2053,2.7572,1.0197,1.2082,134.95,12/30/1899,1439,31.751,58.665,15358,82.3613,4.6438,1.3788,37.755,69.97,1794.29
9/13/2022,3932.69,17079.51,64.88,3.2696,2.7773,1.0213,1.208,135.05,12/30/1899,1431.15,31.568,58.67,15362,82.9888,4.631,1.3789,37.817,71.02,1792.38
9/14/2022,3946.01,18087.97,65.14,3.2141,2.7809,1.0299,1.2219,132.89,12/30/1899,1426.45,31.521,58.925,15423,82.76,4.6375,1.3693,37.895,70.97,1789.72
9/15/2022,3901.35,18012.15,64.51,3.2185,2.8876,1.032,1.2205,133.02,12/30/1899,1410.6,31.675,58.993,15488,82.6913,4.6502,1.3692,38.06,71.06,1802.4
9/16/2022,3873.33,17740.05,63.9,3.2422,2.8312,1.0259,1.2138,133.42,12/30/1899,1402.65,31.861,58.865,15468,82.73,4.6733,1.3716,37.775,68.73,1779.71
9/19/2022,3899.89,17216.66,64.12,3.1821,2.7878,1.016,1.2055,133.32,12/30/1899,1412.8,31.851,58.965,15498,82.5025,4.684,1.3791,37.575,68.54,1775.69
9/20/2022,3855.93,16832.36,63.69,3.2574,2.8041,1.0171,1.2096,134.22,12/30/1899,1435.4,31.901,58.999,15573,82.4713,4.6935,1.3785,38.02,68.46,1761.77
9/21/2022,3789.93,16701.03,62.59,3.2848,2.8968,1.018,1.2048,135.05,12/30/1899,1424.75,31.898,58.945,15633,82.785,4.7048,1.3813,37.565,66.7,1758.61
9/22/2022,3757.99,16389.11,62.04,3.1974,2.8822,1.0087,1.193,135.89,12/30/1899,1431.1,32.003,58.999,15587,82.7063,4.7168,1.3862,37.423,66.25,1747.06
9/23/2022,3693.23,16587.69,60.7,3.2338,2.9721,1.0037,1.1829,136.97,12/30/1899,1428.95,32.006,58.829,15623,82.785,4.7155,1.392,37.305,66.69,1736.3
9/26/2022,3655.04,16612.9,60.28,3.3098,3.0146,0.9943,1.1767,137.48,12/30/1899,1435.3,32.028,58.97,15570,82.8913,4.7205,1.3981,36.835,64.5,1748.15
9/27/2022,3647.29,16914.58,60.02,3.2997,3.0461,0.997,1.1836,136.77,12/30/1899,1422.65,32.117,58.95,15568,82.435,4.7277,1.3921,36.88,63.65,1751.19
9/28/2022,3719.04,16511.28,60.34,3.3905,3.1039,0.9967,1.1799,137.12,12/30/1899,1426.3,32.207,58.764,15552,81.9113,4.7387,1.3939,35.948,64.25,1758.71
9/29/2022,3640.47,16280.22,58.87,3.3661,3.0258,0.9975,1.1832,136.49,12/30/1899,1432.6,32.245,58.87,15598,81.4287,4.7362,1.3886,35.908,65.87,1738.14
9/30/2022,3585.62,16211.12,58.53,3.3966,3.0409,0.9966,1.1744,137.64,12/30/1899,1440.15,32.327,58.8,15628,81.8062,4.7137,1.3939,35.59,65.05,1737.09
10/3/2022,3678.43,15180.69,59.09,3.4232,3.1024,0.9997,1.1709,138.72,12/30/1899,1439.6,32.228,58.463,15648,80.8225,4.7177,1.3958,35.69,63.91,1724.02
10/4/2022,3790.93,15165.59,61.08,3.4416,3.1025,1.0015,1.1656,138.79,12/30/1899,1433.25,32.09,58.23,15697,81.2625,4.725,1.398,35.885,65.52,1711.04
10/5/2022,3783.28,15317.67,61.2,3.4929,3.1926,1.0054,1.1622,138.96,12/30/1899,1426.25,32.153,57.98,15738,81.1025,4.7267,1.3971,35.757,66.89,1697.52
10/6/2022,3744.52,15427.94,60.76,3.4994,3.2533,0.9946,1.1545,140.21,12/30/1899,1417.7,32.218,58.48,15708,81.3075,4.7362,1.4027,36.228,68.34,1712.19
10/7/2022,3639.66,14863.06,59.39,3.3873,3.1894,0.9954,1.1509,140.2,12/30/1899,1421.6,32.195,58.825,15698,81.6338,4.738,1.4022,36.085,69.19,1710.4
10/10/2022,3612.39,14687.02,58.44,3.3873,3.1894,0.9929,1.1517,140.6,12/30/1899,1424.65,32.178,58.565,15661,81.7038,4.7435,1.4035,36.255,70.34,1702.14
10/11/2022,3588.84,15455.27,57.49,3.5029,3.3492,0.9904,1.152,142.8,12/30/1899,1417.2,32.245,58.6,15691,81.8475,4.748,1.4065,35.765,69.63,1718.37
10/12/2022,3577.03,15827.17,57.58,3.4309,3.2635,1.0006,1.1533,143.74,12/30/1899,1417.65,32.192,58.28,15494,81.6738,4.74,1.4042,35.815,68.71,1708.46
10/13/2022,3669.91,15339.49,57.72,3.5035,3.317,0.9997,1.1504,144.11,12/30/1899,1423.95,32.089,58.015,15518,81.8513,4.7358,1.4051,35.575,67.55,1716.83
10/14/2022,3583.07,16161.14,56.9,3.5565,3.3097,1.0042,1.1589,142.47,12/30/1899,1419.05,32.068,58.197,15538,81.6275,4.6925,1.3995,35.425,68.27,1724.54
10/17/2022,3677.95,16595.91,58.29,3.5714,3.3578,1.0122,1.1683,142.84,12/30/1899,1401.35,31.885,57.263,15603,81.6837,4.6978,1.3959,35.26,66.96,1702.17
10/18/2022,3719.98,16557.31,58.08,3.756,3.408,0.997,1.1493,144.58,12/30/1899,1385,31.888,57.295,15663,81.6675,4.622,1.4069,34.98,67.54,1697.32
10/19/2022,3695.16,16358.52,56.83,3.7881,3.4043,0.9981,1.1539,143.08,12/30/1899,1364.75,31.379,57.228,15688,81.725,4.5948,1.4062,34.765,68.05,1665.11
10/20/2022,3665.78,16081.04,57.15,3.8646,3.4489,1.0001,1.1467,143.52,12/30/1899,1377.8,31.105,57.355,15713,81.4287,4.5335,1.4091,35.05,69.37,1675.06
10/21/2022,3752.75,17325.66,57.7,3.8671,3.4494,1.0016,1.142,142.92,12/30/1899,1318.75,31.073,57.37,15698,81.2213,4.5448,1.407,35.097,69.08,1675.84
10/24/2022,3797.34,17619.71,55.19,3.9358,3.4905,1.0024,1.1431,143.21,12/30/1899,1326.05,31.098,57.25,15688,81.3175,4.5562,1.4076,34.833,68.76,1664.89
10/25/2022,3859.11,18343.12,55.71,3.9665,3.563,0.9971,1.1381,143.75,12/30/1899,1317.7,31.152,57.36,15664,81.7975,4.58,1.41,34.798,68.53,1673.89
10/26/2022,3830.6,18256.48,56.9,4.0484,3.5299,0.9837,1.127,144.06,12/30/1899,1325.4,31.153,57.393,15673,82.61,4.5745,1.4173,34.807,69.5,1671.22
10/27/2022,3807.3,18045.66,56.3,4.1222,3.7138,0.9836,1.1261,142.39,12/30/1899,1338.9,31.201,56.97,15723,82.48,4.5753,1.4186,34.573,70.28,1643.94
10/28/2022,3901.06,17992.54,55.89,4.2011,3.6846,0.9687,1.0859,143.31,12/30/1899,1340.15,31.204,56.79,15743,82.4325,4.4935,1.4309,34.915,70.74,1622.36
10/31/2022,3871.98,17655.91,55.51,4.3406,3.9244,0.9609,1.0689,144.75,12/30/1899,1354.9,31.212,56.685,15732,82.2775,4.4838,1.4382,34.975,69.9,1628.9
11/1/2022,3856.1,17424.41,56.69,4.2829,3.9451,0.9594,1.0733,144.8,12/30/1899,1356.7,31.018,56.655,15563,82.5375,4.511,1.439,34.84,70.17,1659.97
11/2/2022,3759.69,17523.81,56.36,4.1349,3.7312,0.9735,1.0889,144.16,12/30/1899,1352,30.896,56.575,15428,82.8063,4.4445,1.4349,34.76,70.59,1660.54
11/3/2022,3719.89,17660.9,56.71,4.1924,3.7856,0.9815,1.1117,144.46,12/30/1899,1328.35,31.007,56.195,15468,82.4487,4.407,1.4327,34.728,71.78,1660.61
11/4/2022,3770.55,17573.58,59.26,4.2787,3.8286,0.9802,1.117,144.74,12/30/1899,1324.2,30.944,55.765,15618,82.7538,4.3883,1.4353,34.667,71.08,1699.89
11/7/2022,3806.8,17297.94,59.54,4.1134,3.6387,0.9826,1.1323,144.55,12/30/1899,1340.35,30.895,56.025,15638,82.8712,4.3685,1.4318,34.725,72.48,1726.13
11/8/2022,3828.11,18204.68,60.07,4.0926,3.6329,0.9986,1.1476,144.13,12/30/1899,1326.7,30.624,55.982,15621,82.7038,4.395,1.423,34.775,72.45,1716.26
11/9/2022,3748.57,18597.23,58.91,4.1481,3.7528,0.9884,1.1326,144.64,12/30/1899,1318.4,30.589,55.47,15583,82.755,4.397,1.4262,34.61,71.37,1712.53
11/10/2022,3956.37,18736.44,61.56,4.2558,3.8236,0.9791,1.1162,145.14,12/30/1899,1299.4,30.45,55.375,15628,82.8175,4.4015,1.4293,34.757,69.92,1694.82
11/11/2022,3992.93,18675.35,63.45,4.3078,3.8814,0.9744,1.1086,145.25,12/30/1899,1300.2,30.634,55.66,15657,82.7625,4.404,1.4322,34.653,69.88,1668.61
11/14/2022,3957.25,19518.29,63.2,4.3078,3.8814,0.9702,1.1055,145.72,12/30/1899,1292.65,30.655,55.915,15598,82.8662,4.418,1.4377,34.605,71.24,1666.34
11/15/2022,3991.73,19441.18,65.13,4.3058,3.947,0.9708,1.0968,145.86,12/30/1899,1319.15,30.695,55.779,15618,82.6512,4.4285,1.4385,34.405,70.69,1673.19
11/16/2022,3958.79,18814.82,64.02,4.2911,3.8962,0.9703,1.11,146.91,12/30/1899,1321.75,30.63,55.685,15598,82.855,4.3927,1.4353,34.045,72.02,1666.37
11/17/2022,3946.56,19450.23,64.37,4.4635,3.9435,0.9776,1.1326,147.12,12/30/1899,1318.05,30.709,55.568,15598,82.865,4.4158,1.4307,33.95,70.57,1644.47
11/18/2022,3965.34,19900.87,63.75,4.4959,4.0184,0.9722,1.1172,148.67,12/30/1899,1301.55,30.716,55.43,15603,82.8125,4.4245,1.426,34.045,70.09,1650.09
11/21/2022,3949.94,19463.63,62.74,4.4433,4.0104,0.9841,1.1358,149.04,12/30/1899,1307.25,30.577,55.253,15588,82.735,4.43,1.4214,33.49,69.62,1652.22
11/22/2022,4003.58,19596.2,62.89,4.4286,4.0066,0.9858,1.132,149.26,12/30/1899,1304.4,30.628,55.11,15583,82.745,4.434,1.4208,33.52,70.46,1629.44
11/23/2022,4027.26,19673.45,63.44,4.5563,4.1335,0.9773,1.1219,149.9,12/30/1899,1294.85,30.705,55.11,15593,82.8887,4.4382,1.425,33.347,70.46,1628.02
11/25/2022,4026.12,19368.59,63.13,4.61,4.2283,0.9786,1.1235,150.15,12/30/1899,1303.45,30.738,55.173,15633,82.8075,4.423,1.424,33.355,69.98,1657.69
11/28/2022,3963.94,19450.67,62.88,4.4723,4.2167,0.9862,1.1303,147.65,12/30/1899,1307.05,30.728,55.923,15663,82.5538,4.4243,1.4152,32.972,69.45,1649.78
11/29/2022,3957.63,19352.81,64.55,4.5046,4.2424,0.9874,1.1278,148.91,12/30/1899,1302.9,30.712,56.178,15703,82.7263,4.4242,1.4224,32.978,69.96,1653.17
11/30/2022,4080.11,19094.8,66.7,4.4771,4.1021,0.9966,1.1472,147.93,12/30/1899,1292.2,30.676,55.729,15658,82.3575,4.4255,1.4165,33.105,70.41,1664.57
12/1/2022,4076.57,19160.49,66.64,4.4039,4.0028,1.0081,1.1625,146.37,12/30/1899,1285.7,30.719,55.808,15568,81.7888,4.4187,1.4057,32.84,71.76,1663.31
12/2/2022,4071.7,19679.22,66.88,4.2741,3.9187,0.9964,1.1565,146.29,12/30/1899,1276.05,30.712,55.908,15573,81.575,4.404,1.4092,33.037,71.76,1644.86
12/5/2022,3998.84,19593.06,66.39,4.4142,4.0123,0.9965,1.1615,147.6,12/30/1899,1280.7,30.697,55.775,15598,81.5525,4.4093,1.4108,32.813,72.18,1633.56
12/6/2022,3941.26,19898.91,66.3,4.4824,4.0478,0.9882,1.1469,148.71,12/30/1899,1275,30.72,55.637,15588,81.3388,4.3985,1.4165,32.74,70.92,1647.98
12/7/2022,3933.92,19741.14,65.84,4.5447,4.0419,0.9877,1.1484,148.27,12/30/1899,1268.95,30.733,55.135,15608,81.615,4.3878,1.4153,32.823,69.24,1635.24
12/8/2022,3963.51,19781.41,66.86,4.6197,4.1005,0.9818,1.1392,147.9,12/30/1899,1267.15,30.717,54.881,15633,81.7663,4.4032,1.4172,32.813,67.92,1629.49
12/9/2022,3934.38,20145.29,66.64,4.7138,4.1469,0.9749,1.116,148.26,12/30/1899,1265.5,30.7,54.8,15568,81.245,4.3733,1.4219,32.76,67.47,1681.87
12/12/2022,3990.56,20793.11,66.53,4.6584,4.1584,0.9957,1.1379,146.62,12/30/1899,1273.5,30.709,55.315,15573,81.36,4.3725,1.4069,32.87,67.91,1675.63
12/13/2022,4019.65,21052.17,66.41,4.7217,4.2135,1.002,1.1514,146.63,12/30/1899,1271.6,30.718,54.91,15483,81.125,4.3702,1.4008,32.713,68.94,1712.42
12/14/2022,3995.32,20991.64,66.47,4.6506,4.1234,1.0074,1.1544,145.68,12/30/1899,1272,30.715,54.59,15338,81.39,4.359,1.3987,33.005,69.01,1706.74
12/15/2022,3895.75,21388.34,64.88,4.5795,4.0923,1.0011,1.1358,146.47,12/30/1899,1269.5,30.515,54.83,15150,81.72,4.3348,1.4028,32.84,69.37,1755.45
12/16/2022,3852.36,21331.46,64.94,4.3321,3.8125,1.0209,1.1716,140.98,12/30/1899,1268.75,30.452,54.595,15045,81.5887,4.3173,1.3824,32.787,68.07,1771.24
12/19/2022,3817.66,21436.05,64.91,4.3321,3.8125,1.0347,1.183,138.81,12/30/1899,1243.85,30.43,54.64,15165,81.5213,4.3258,1.3718,32.955,67.59,1771.4
12/20/2022,3821.62,21514.1,64.6,4.3888,3.8536,1.0327,1.1756,139.89,12/30/1899,1243.8,30.448,54.53,15089,81.4962,4.3158,1.372,33.675,67.98,1778.94
12/21/2022,3878.44,21738.66,65.2,4.3382,3.7696,1.0349,1.1865,139.28,12/30/1899,1246.05,30.382,54.58,15104,81.9238,4.3073,1.3707,33.607,68.58,1773.87
12/22/2022,3822.39,21746.72,64.62,4.3549,3.6899,1.0395,1.1914,139.5,12/30/1899,1245.65,30.26,54.442,15075,81.9375,4.285,1.3702,33.475,68.8,1760.44
12/23/2022,3844.82,21577.64,64.51,4.452,3.7657,1.0362,1.1864,140.2,12/30/1899,1241.35,30.312,54.652,14888,82.1825,4.2605,1.3745,33.465,68.18,1750.68
12/27/2022,3829.25,21678,65.76,4.5329,3.8288,1.0325,1.189,140.37,12/30/1899,1235.65,30.328,54.413,14965,81.8412,4.2455,1.3759,33.787,69.78,1738.05
12/28/2022,3783.22,21650.98,64.42,4.5523,3.8269,1.0242,1.1823,142.14,12/30/1899,1238.9,30.367,54.475,14948,82.7388,4.244,1.3817,33.89,69.86,1740.25
12/29/2022,3849.28,22044.65,65.72,4.5145,3.7559,1.0304,1.1886,141.23,12/30/1899,1237.55,30.121,54.555,14985,82.7012,4.243,1.3778,33.805,70.17,1749.68
12/30/2022,3839.5,22566.78,64.79,4.4773,3.6927,1.0397,1.2055,139.6,12/30/1899,1232.45,30.042,54.655,14970,82.4937,4.274,1.3771,34.313,69.33,1755.24
1/3/2023,3824.14,22688.9,65.67,4.4773,3.6927,1.041,1.2113,138.54,12/30/1899,1235.55,29.952,54.513,14990,82.52,4.2467,1.3754,34.335,70.57,1754.93
1/4/2023,3852.97,22069.73,67.92,4.4526,3.6776,1.0395,1.2092,139.19,12/30/1899,1231.65,29.688,53.858,14975,82.5038,4.2587,1.3768,34.595,68.97,1741.36
1/5/2023,3808.1,21842.33,67.56,4.4381,3.6812,1.034,1.1959,138.95,12/30/1899,1231,29.71,53.675,14880,82.7275,4.3025,1.3793,34.423,67.89,1749.85
1/6/2023,3895.08,22072.18,68.77,4.4732,3.7441,1.033,1.1952,138.63,12/30/1899,1231.3,29.98,54.4,14893,82.7637,4.2983,1.3736,34.573,68.14,1768.52
1/9/2023,3892.09,21958.36,69.29,4.3102,3.6054,1.0406,1.2058,138.07,12/30/1899,1227.4,30.039,55.085,15055,82.8025,4.3165,1.3614,34.592,68.34,1803.1
1/10/2023,3919.25,21660.47,69.72,4.2276,3.5048,1.052,1.2247,135.33,12/30/1899,1231.9,30.053,54.82,15145,82.7213,4.3342,1.3535,34.673,69.3,1797.63
1/11/2023,3969.61,21222.16,69.9,4.2717,3.4862,1.0535,1.228,134.31,12/30/1899,1231.55,30.065,54.467,15100,82.8313,4.3622,1.3516,34.805,69.24,1768.68
1/12/2023,3983.17,21298.7,70.23,4.3874,3.5736,1.0491,1.219,136.75,12/30/1899,1220.35,30.137,54.425,15095,82.7325,4.3472,1.3576,35.105,70.46,1771.04
1/13/2023,3999.09,21283.52,70.75,4.3664,3.5314,1.0467,1.2133,137,12/30/1899,1229.35,30.235,54.775,15134,82.7988,4.3923,1.359,35.35,70.64,1786.27
1/17/2023,3990.97,21624.36,70.32,4.2561,3.4169,1.0506,1.2203,136.62,12/30/1899,1253.15,30.218,54.86,15195,82.8562,4.4037,1.3554,34.78,71.2,1789.14
1/18/2023,3928.86,21190.42,69.91,4.3077,3.4819,1.0556,1.2234,136.67,12/30/1899,1255.6,30.302,55.185,15160,82.7425,4.435,1.3536,34.778,70.03,1797.32
1/19/2023,3898.85,21164.42,70.57,4.3443,3.5783,1.054,1.2259,136.56,12/30/1899,1260.2,30.273,55.097,15204,82.7487,4.4303,1.3539,34.7,69.9,1781.44
1/20/2023,3972.61,21113.76,71.68,4.3754,3.6113,1.0537,1.2269,137.67,12/30/1899,1260.3,30.411,55.247,15157,82.8475,4.4328,1.3549,34.56,70.62,1810.8
1/23/2023,4019.81,20812.17,72.38,4.2183,3.5012,1.0633,1.2366,135.59,12/30/1899,1264.95,30.367,54.972,15203,82.67,4.4435,1.3469,35.083,71.09,1807.32
1/24/2023,4016.95,20987.67,72.23,4.2095,3.4774,1.0682,1.2426,135.48,12/30/1899,1277.5,30.419,55.08,15158,82.5063,4.434,1.3469,35.048,71.78,1776.85
1/25/2023,4016.22,20719.81,72.29,4.2362,3.4463,1.0628,1.2178,137.78,12/30/1899,1269.45,30.509,55.185,15190,82.59,4.4353,1.361,35.065,70.73,1793.08
1/26/2023,4060.43,20886.96,73.08,4.1783,3.4822,1.0586,1.2148,136.6,12/30/1899,1282.3,30.389,54.9,15202,81.9713,4.4785,1.359,34.605,70.39,1787.62
1/27/2023,4070.56,20529.49,72.83,4.2557,3.5846,1.0607,1.2149,136.91,12/30/1899,1284.75,30.469,55.533,15190,81.9163,4.4873,1.3549,34.515,70.37,1817.94
1/30/2023,4017.77,20423.84,71.32,4.2532,3.6825,1.0624,1.2183,131.73,12/30/1899,1299.65,30.58,55.335,15225,82.055,4.472,1.3515,34.618,69.58,1814.39
1/31/2023,4076.6,20351.35,70.9,4.2127,3.662,1.0605,1.2082,132.46,12/30/1899,1294.55,30.635,54.991,15270,81.9812,4.4753,1.3514,34.41,68.97,1792.52
2/1/2023,4119.21,20010.04,72.03,4.2714,3.6786,1.0596,1.2038,132.35,12/30/1899,1296,30.635,55.028,15250,82.0513,4.4773,1.3535,34.223,69.98,1798.2
2/2/2023,4179.76,19943.51,71.54,4.3211,3.7472,1.0617,1.2053,132.91,12/30/1899,1304.95,30.573,54.83,15235,82.1263,4.4783,1.351,34.112,68.59,1813.69
2/3/2023,4136.48,19785.94,70.24,4.3211,3.7472,1.0637,1.2062,132.88,12/30/1899,1297,30.585,54.855,15280,82.4913,4.4718,1.3479,34.323,68.51,1804.35
2/6/2023,4111.08,20619.71,69.22,4.3741,3.8411,1.064,1.2025,133.49,12/30/1899,1304.7,30.791,55.015,15300,82.6025,4.5243,1.3474,34.43,66.86,1814.91
2/7/2023,4164,20429.46,69.6,4.3512,3.8827,1.0612,1.2018,134.47,12/30/1899,1323.1,30.815,55.303,15295,82.7363,4.519,1.35,34.073,67.54,1824.02
2/8/2023,4117.86,20567.54,69.49,4.3615,3.8145,1.0661,1.2055,133.03,12/30/1899,1323.06,30.856,55.24,15350,82.545,4.52,1.3435,34.145,68.65,1839.48
2/9/2023,4081.5,20603.19,70.03,4.4258,3.8748,1.0705,1.2083,131.12,12/30/1899,1315.35,30.639,55.143,15435,82.6387,4.4967,1.3395,34.445,69.38,1854.56
2/10/2023,4090.46,20534.48,69.26,4.4258,3.8748,1.0667,1.2046,130.8,12/30/1899,1301.3,30.624,54.95,15425,82.6662,4.487,1.3417,34.287,69.04,1832.89
2/13/2023,4137.29,20051.25,69.74,4.3699,3.7389,1.0548,1.1968,131.02,12/30/1899,1296.8,30.599,55.105,15450,82.2637,4.4847,1.3453,34.135,69.86,1865.69
2/14/2023,4136.13,19925.74,69.53,4.3534,3.6827,1.0604,1.2055,132.63,12/30/1899,1299.85,30.623,54.965,15365,82.4812,4.503,1.3405,34.245,70.51,1871.81
2/15/2023,4147.6,19319.92,68.62,4.4576,3.7181,1.0522,1.1908,133.41,12/30/1899,1321.35,30.55,54.899,15385,82.37,4.486,1.3455,34.198,70.29,1877.03
2/16/2023,4090.41,19695.97,68.72,4.2474,3.558,1.0644,1.2093,132.08,12/30/1899,1322.2,30.597,54.715,15365,82.1913,4.4858,1.3395,34.393,70.34,1875.69
2/17/2023,4079.09,19247.96,67.97,4.2077,3.5321,1.073,1.2184,131.88,12/30/1899,1324.5,30.551,54.675,15380,82.3375,4.4692,1.3305,34.213,70.35,1897.09
2/21/2023,3997.34,19539.87,67.18,4.2472,3.6188,1.0733,1.2154,132.26,12/30/1899,1301.65,30.522,54.452,15345,82.1825,4.4552,1.3318,33.873,69.07,1920.23
2/22/2023,3991.05,19203.91,66.81,4.2179,3.5392,1.0757,1.2146,132.45,12/30/1899,1310.55,30.363,54.527,15360,82.3325,4.4177,1.3312,34.073,69.17,1916.02
2/23/2023,4012.32,19518.59,67.02,4.1447,3.44,1.0853,1.221,129.25,12/30/1899,1303.8,30.343,54.305,15345,82.0013,4.4295,1.3252,34.335,68.3,1908.69
2/24/2023,3970.04,19000.71,65.48,4.2321,3.5035,1.083,1.2227,127.87,12/30/1899,1312.9,30.366,54.345,15155,81.8975,4.419,1.3188,34.23,68.84,1904.11
2/27/2023,3982.24,19258.76,65.92,4.2321,3.5035,1.0822,1.2194,128.58,12/30/1899,1302.8,30.375,54.29,15160,81.985,4.401,1.3212,34.25,68.87,1932.24
2/28/2023,3970.15,19591.43,65.47,4.2047,3.5476,1.0788,1.2286,128.12,12/30/1899,1310.5,30.465,54.475,15087,82.1288,4.4202,1.3202,34.36,68.06,1926.08
3/1/2023,3951.39,20049.64,66.87,4.0825,3.3698,1.0794,1.2348,128.9,12/30/1899,1311.15,30.454,54.45,15065,82.0887,4.421,1.3208,34.287,68.19,1931.04
3/2/2023,3981.35,19915.68,67.36,4.1264,3.3915,1.0833,1.2391,128.43,12/30/1899,1307.7,30.451,54.42,15047,81.855,4.4152,1.3217,34.478,68.65,1937.36
3/3/2023,4045.64,19567.69,67.84,4.1702,3.4787,1.0856,1.2397,129.6,12/30/1899,1278.15,30.52,54.367,14995,81.9738,4.418,1.3193,34.385,69.17,1946.11
3/6/2023,4048.42,19784.65,67.47,4.2274,3.5098,1.0872,1.2379,130.67,12/30/1899,1294,30.437,54.74,14970,82.0412,4.4043,1.3182,34.388,70.26,1929.21
3/7/2023,3986.37,20192.4,66.42,4.2103,3.4527,1.0887,1.2334,130.17,12/30/1899,1301.4,30.447,54.493,14900,82.2325,4.3995,1.3196,34.395,70.62,1928.04
3/8/2023,3992.01,20309.13,66.49,4.125,3.4416,1.0916,1.2403,129.59,12/30/1899,1298.95,30.472,54.415,14925,82.155,4.398,1.3131,34.382,68.81,1923.17
3/9/2023,3918.32,20400.11,64.94,4.1826,3.4947,1.0892,1.2408,130.22,12/30/1899,1302.9,30.504,54.91,14913,82.0975,4.4015,1.312,34.205,68.34,1928.36
3/10/2023,3861.59,20409.18,64.61,4.199,3.5035,1.0868,1.2382,129.88,12/30/1899,1299.05,30.491,55.235,14902,81.9113,4.4095,1.3136,34.14,67.81,1950.52
3/13/2023,3855.76,20274.59,65.02,4.2341,3.5366,1.0851,1.2352,130.39,12/30/1899,1301.85,30.46,55.27,14883,81.92,4.4185,1.3144,34.143,68.21,1912.72
3/14/2023,3919.29,20331.2,65.11,4.2011,3.5069,1.0863,1.232,130.09,12/30/1899,1316.5,30.49,55.21,14880,81.7675,4.4093,1.3139,34.205,67.28,1864.97
3/15/2023,3891.93,20485.24,64.05,4.1063,3.4166,1.099,1.2376,128.98,12/30/1899,1315.8,30.521,55.853,14751,81.8438,4.401,1.3064,34.03,65.69,1867.48
3/16/2023,3960.28,20309.86,65.01,4.1042,3.3927,1.091,1.2225,128.68,12/30/1899,1310.75,30.567,56.14,14700,81.8325,4.4012,1.3098,33.8,63.55,1873.1
3/17/2023,3916.64,20344.48,64.77,4.2886,3.5246,1.0795,1.2056,131.19,12/30/1899,1319.15,30.602,56.225,14790,81.8875,4.4225,1.3235,33.722,64.21,1875.49
3/20/2023,3951.57,20438.81,64.9,4.4724,3.6399,1.0726,1.2019,132.66,12/30/1899,1316.9,30.618,56.02,14845,81.83,4.4338,1.3278,33.665,63.74,1861.78
3/21/2023,4002.87,20782.45,65.51,4.4644,3.6735,1.0726,1.2048,131.07,12/30/1899,1319.65,30.643,55.787,14833,81.8,4.441,1.3242,33.725,64.24,1865.57
3/22/2023,3936.97,20650.51,65.92,4.4208,3.6098,1.0712,1.2072,131.4,12/30/1899,1322.05,30.684,55.54,14703,81.8038,4.4373,1.3261,34,64.81,1853.49
3/23/2023,3948.72,20367.76,67.05,4.482,3.6579,1.074,1.2121,131.59,12/30/1899,1325.65,30.723,55.635,14670,82.0462,4.45,1.3257,33.783,65.21,1854.31
3/24/2023,3970.99,20396.97,66.78,4.517,3.732,1.0678,1.2062,131.36,12/30/1899,1310.55,30.708,55.734,14705,81.9925,4.4575,1.3303,33.96,64.98,1836.01
3/27/2023,3977.53,20075.73,66.3,4.5175,3.7016,1.0723,1.2139,132.42,12/30/1899,1299.05,30.743,55.36,14685,82.0887,4.4633,1.3287,34.257,64.79,1836.36
3/28/2023,3971.27,19959.94,67.17,4.6154,3.7435,1.0738,1.2173,133.16,12/30/1899,1311.3,30.779,55.36,14680,82.17,4.4622,1.3284,34.335,66.77,1842.36
3/29/2023,4027.81,19617.88,67.37,4.6309,3.8049,1.0689,1.203,134.16,12/30/1899,1318.65,30.745,55.368,14675,82.3038,4.464,1.3359,34.38,66.97,1841.38
3/30/2023,4050.83,19757.27,67.99,4.64,3.8608,1.0674,1.1993,133.94,12/30/1899,1325.75,30.671,55.365,14700,82.215,4.4552,1.3362,34.45,66.78,1835.09
3/31/2023,4109.31,19840.28,67.87,4.6169,3.8148,1.0695,1.2037,134.15,12/30/1899,1322.9,30.637,55.31,14730,82.39,4.4363,1.3364,34.68,67.25,1825.39
4/3/2023,4124.51,19894.57,68.1,4.6169,3.8148,1.0686,1.2041,134.25,12/30/1899,1327.85,30.677,55.267,14725,82.5938,4.437,1.3358,34.537,67.77,1822.28
4/4/2023,4100.6,19933.81,68.01,4.7226,3.9525,1.0648,1.2112,135.01,12/30/1899,1335.05,30.696,55.764,14724,82.665,4.448,1.3406,34.605,68.98,1811.04
4/5/2023,4090.38,19699.16,67.49,4.6933,3.9156,1.0605,1.2046,134.84,12/30/1899,1332.4,30.725,55.688,14750,82.83,4.4585,1.3405,34.677,69.03,1817.14
4/6/2023,4105.02,19948.73,67.78,4.6974,3.8768,1.0596,1.2013,134.7,12/30/1899,1336.45,30.732,55.758,14800,82.805,4.464,1.3427,34.77,69.12,1826.92
4/10/2023,4109.11,20049.31,67.9,4.8136,3.9432,1.0548,1.1944,136.48,12/30/1899,1337.95,30.749,55.778,14820,82.67,4.48,1.3506,34.787,68.95,1836.72
4/11/2023,4108.94,20297.03,68.13,4.7783,3.9141,1.0609,1.2064,136.19,12/30/1899,1338.5,30.808,56.073,14865,82.7425,4.4972,1.3465,34.8,68.95,1835.87
4/12/2023,4091.95,19867.58,67.36,4.8158,3.92,1.0576,1.2022,136.17,12/30/1899,1341.85,30.803,56.063,14925,82.5713,4.499,1.3484,34.8,68.68,1856.48
4/13/2023,4146.22,19762.2,68.43,4.8764,3.9925,1.0668,1.2029,136.19,12/30/1899,1338.1,30.816,56.195,14890,82.6313,4.5262,1.3425,34.54,69.56,1846.86
4/14/2023,4137.64,19743.79,67.85,4.885,4.0556,1.0597,1.1946,136.77,12/30/1899,1322.6,30.764,55.891,14880,82.7188,4.538,1.3476,34.792,70.58,1813.45
4/17/2023,4151.32,19627.24,68.27,4.8565,3.9517,1.0635,1.2036,135.87,12/30/1899,1321.15,30.67,55.678,14905,82.7275,4.5378,1.345,34.73,70.46,1813.8
4/18/2023,4154.87,19971.13,68.16,4.8861,3.9577,1.0681,1.2025,135.93,12/30/1899,1323.95,30.68,55.835,14950,82.4138,4.5492,1.3451,34.815,70.69,1831.03
4/19/2023,4154.52,19978.25,67.54,5.0084,3.9637,1.0549,1.183,137.16,12/30/1899,1324.9,30.749,55.735,14955,82.3013,4.5725,1.3543,34.618,70.12,1868.26
4/20/2023,4129.79,19560.57,67.37,5.0701,3.9913,1.0545,1.1845,137.36,12/30/1899,1326.25,30.797,55.785,14970,82.6788,4.5935,1.3538,34.6,70.37,1913.7
4/21/2023,4133.52,19727.25,66.72,4.87,3.9032,1.0581,1.1925,136.15,12/30/1899,1334.45,30.783,56.075,14985,82.6075,4.6265,1.3533,34.545,69.4,1904.01
4/24/2023,4137.04,19450.57,66.38,4.5862,3.6987,1.0643,1.203,135.03,12/30/1899,1336.8,30.743,55.783,14993,82.5475,4.6003,1.35,34.67,68.3,1918.58
4/25/2023,4071.63,19678.17,64.95,3.9764,3.5732,1.0731,1.2183,133.21,12/30/1899,1338.85,30.643,56.13,14890,82.5712,4.6045,1.3462,34.807,69.46,1919.52
4/26/2023,4055.99,19431.25,65.53,4.2504,3.6892,1.0733,1.2158,134.22,12/30/1899,1337.6,30.653,56.31,14860,82.465,4.6025,1.3451,34.67,70.02,1989.25
4/27/2023,4135.35,19115.93,66.37,3.8874,3.4548,1.0577,1.2057,133.42,12/30/1899,1334.05,30.751,56.17,14878,82.4325,4.613,1.352,34.795,68.4,1978.84
4/28/2023,4169.48,18746.92,66.71,4.1572,3.577,1.061,1.2109,133.74,12/30/1899,1326.6,30.736,56.275,14895,82.3775,4.6137,1.3469,34.74,67.33,1940.07
5/1/2023,4167.87,18551.11,66.47,3.8374,3.4286,1.067,1.2173,131.85,12/30/1899,1318.25,30.659,55.904,14840,82.1062,4.5765,1.3423,34.85,67.21,1970.11
5/2/2023,4119.58,18595.78,65.84,3.9763,3.4847,1.0721,1.2278,131.32,12/30/1899,1312.5,30.689,56.235,14865,82.1813,4.6085,1.3371,35.042,68.71,1993.4
5/3/2023,4090.75,18234.27,65.76,4.1664,3.6094,1.0768,1.2217,132.51,12/30/1899,1317.5,30.727,56.232,14860,81.9375,4.5975,1.3363,35.22,67.82,1978.21
5/4/2023,4061.22,18216.91,66.3,3.9367,3.4341,1.0856,1.2268,131.44,12/30/1899,1326.2,30.708,56.105,14900,81.9425,4.621,1.3306,35.198,65.71,1956.67
5/5/2023,4136.25,18949.94,67.07,3.833,3.4266,1.0831,1.2287,130.85,12/30/1899,1324.6,30.755,56.121,14945,82.1175,4.6143,1.3257,35.275,64,1973.54
5/8/2023,4138.12,19108.5,67.09,3.7667,3.3762,1.076,1.2233,130.73,12/30/1899,1325,30.719,56.04,14935,82.035,4.6198,1.3322,35.613,63.28,1964.7
5/9/2023,4119.17,19099.28,66.47,3.9952,3.5299,1.0798,1.2287,131.57,12/30/1899,1326.35,30.744,55.945,14995,81.9512,4.615,1.3313,35.623,65,1980.37
5/10/2023,4137.64,19252,66.45,4.0783,3.5696,1.0845,1.2342,130.89,12/30/1899,1321.6,30.707,55.952,15000,82.0338,4.6217,1.3273,35.455,66.24,1969.28
5/11/2023,4130.62,19299.18,66.16,4.0989,3.5639,1.0844,1.2314,132.86,12/30/1899,1305.35,30.714,55.948,14945,82.0425,4.626,1.3292,35.228,66.91,1984.65
5/12/2023,4124.08,19389.95,65.16,4.1195,3.5488,1.0905,1.2386,132.7,12/30/1899,1308.25,30.714,55.865,14940,82.0325,4.615,1.3276,34.882,66.43,2020.42
5/15/2023,4136.28,19404.31,66.72,4.0253,3.4676,1.0839,1.2337,132.86,12/30/1899,1303.85,30.7,55.744,14994,82.0575,4.6307,1.3309,34.885,65.14,2020.73
5/16/2023,4109.9,19521.42,66.09,3.9634,3.4114,1.0899,1.2414,132.46,12/30/1899,1303.95,30.801,55.555,15015,82.04,4.6405,1.327,35.05,64.5,2007.91
5/17/2023,4158.77,19408.42,66.3,3.8253,3.3387,1.0953,1.2501,131.71,12/30/1899,1291.65,30.893,55.645,14993,81.9563,4.645,1.3255,35.198,65.27,1991.48
5/18/2023,4198.05,19828.92,65.96,3.7798,3.3108,1.0904,1.2462,131.32,12/30/1899,1288.2,30.913,55.635,15025,82.0237,4.6547,1.3279,35.15,65.18,2003.62
5/19/2023,4191.98,20040.37,66.11,3.8309,3.305,1.0922,1.244,131.78,12/30/1899,1271.5,31.012,55.77,14993,82.2238,4.6783,1.3305,34.815,66.74,2014.93
5/22/2023,4192.63,19912.89,66.68,3.9806,3.3906,1.0905,1.2418,132.16,12/30/1899,1278.5,31.023,55.707,15015,82.5075,4.675,1.3298,34.915,66.43,2040.22
5/23/2023,4145.58,19607.08,65.59,4.0077,3.4168,1.0859,1.2382,133.61,12/30/1899,1280.45,31.068,55.328,15045,82.7425,4.6663,1.3329,34.565,65.46,2004.17
5/24/2023,4115.24,19218.35,65.05,4.0224,3.4262,1.0912,1.2424,133.68,12/30/1899,1272.35,31.07,55.33,15135,82.5762,4.6722,1.3326,34.625,65.59,1995.19
5/25/2023,4151.28,18889.97,64.91,3.9578,3.3906,1.0992,1.2485,133.13,12/30/1899,1281.9,31.139,55.206,15195,82.3675,4.6665,1.3279,34.62,66.23,2005.45
5/26/2023,4205.45,18794.13,66.1,3.9683,3.4449,1.1046,1.2523,132.58,12/30/1899,1280.35,31.134,55.313,15140,82.2487,4.6665,1.3221,34.217,67.29,1994.93
5/30/2023,4205.52,19148.13,65.28,4.0989,3.5128,1.0992,1.2413,133.79,12/30/1899,1291.9,31.114,55.24,15078,82.07,4.6502,1.3301,34.042,65.68,2004.8
5/31/2023,4179.83,19172.05,64.81,4.1942,3.6004,1.0926,1.2376,134.47,12/30/1899,1294.85,31.149,55.395,14968,82.17,4.652,1.3342,33.995,66.41,1983.06
6/1/2023,4221.02,18934.36,65.83,4.1967,3.5756,1.0972,1.2425,134.12,12/30/1899,1304.25,31.23,55.509,14958,82.0537,4.6605,1.3327,34.45,64.5,1989.14
6/2/2023,4282.37,18916.43,67.04,4.2437,3.5908,1.0955,1.2439,134.72,12/30/1899,1306,31.338,55.625,15005,82.0313,4.6665,1.3345,34.46,63.52,1997.39
6/5/2023,4273.79,19306.59,66.86,4.1423,3.5318,1.097,1.2443,134.24,12/30/1899,1300.4,31.389,55.693,14995,82.095,4.6705,1.3324,34.507,64.77,1989.04
6/6/2023,4283.85,19415.68,67.36,4.1816,3.5718,1.0986,1.2432,134.16,12/30/1899,1307.5,31.319,55.278,14988,81.9938,4.659,1.3342,34.257,65.8,1987.78
6/7/2023,4267.52,19110.38,66.59,4.0882,3.4901,1.1046,1.2486,134.24,12/30/1899,1317.5,31.232,54.952,15025,81.9587,4.6518,1.3334,34.083,65.62,1990
6/8/2023,4293.93,18533.05,67.06,3.9544,3.3996,1.0973,1.2409,133.76,12/30/1899,1317.75,31.076,54.53,15023,81.8288,4.5822,1.3386,34.217,65.34,1982.56
6/9/2023,4298.86,18365.7,67.23,3.9509,3.4485,1.1041,1.2469,133.67,12/30/1899,1308.05,30.884,54.41,14993,81.8725,4.5267,1.3355,34.265,65.93,2016.68
6/12/2023,4338.93,18479.72,67.47,4.0682,3.5204,1.1028,1.2498,133.97,12/30/1899,1301.3,31.049,54.38,15018,81.995,4.5373,1.3349,34.643,65.01,2038.97
6/13/2023,4369.01,18659.83,68.28,4.0064,3.422,1.1019,1.2567,136.3,12/30/1899,1298.55,30.988,54.422,15000,81.94,4.5398,1.3344,34.787,64.63,2050.28
6/14/2023,4372.59,18860.95,68.61,4.1407,3.5681,1.0976,1.2496,137.5,12/30/1899,1300.8,31.062,54.515,15095,82.2562,4.5433,1.3363,34.842,62.98,2016.79
6/15/2023,4425.84,19350.62,69.13,3.9613,3.4239,1.0999,1.2467,136.55,12/30/1899,1305.2,31.073,54.535,15080,82.2538,4.5627,1.3347,34.945,64.81,2021.16
6/16/2023,4409.59,19413.78,68.96,3.8048,3.3356,1.1062,1.2564,134.71,12/30/1899,1306.35,31.238,54.753,15115,82.2575,4.5665,1.3303,34.935,64.07,2034.56
6/20/2023,4388.71,19015.72,67.34,3.7903,3.3787,1.1012,1.2574,134.29,12/30/1899,1293.7,31.36,54.565,15175,82.5875,4.5633,1.3281,35.107,65.8,2030.09
6/21/2023,4365.69,18952.31,66.96,3.9139,3.437,1.1019,1.2636,134.8,12/30/1899,1288.8,31.304,54.625,15185,82.7312,4.5487,1.3258,35.085,66.5,2015.05
6/22/2023,4381.89,18928.02,66.88,4.0012,3.5072,1.1004,1.2618,135.1,12/30/1899,1274.7,31.236,54.56,15170,82.8412,4.5238,1.3245,35.385,66.02,2010.77
6/23/2023,4348.33,19075.26,65.8,4.0221,3.5186,1.0962,1.2621,135.23,12/30/1899,1266.1,31.228,54.9,15185,82.7475,4.555,1.3274,35.37,66.89,2016.49
6/26/2023,4328.82,18668.15,66.01,3.9098,3.4426,1.0982,1.2625,134.34,12/30/1899,1266.7,31.393,54.9,15218,82.8325,4.507,1.325,35.44,65.3,1989.17
6/27/2023,4378.41,19434.4,66.82,3.8994,3.3843,1.0916,1.2511,134.53,12/30/1899,1260.5,31.426,54.78,15191,82.8225,4.5188,1.3316,35.373,65.04,1981.84
6/28/2023,4376.86,19365.14,66.45,3.9872,3.4625,1.0849,1.2458,135.7,12/30/1899,1265.75,31.504,55.195,15185,82.715,4.5425,1.3383,35.175,65.31,1957.55
6/29/2023,4396.44,19639.11,65.91,4.0104,3.5019,1.0874,1.2529,136.12,12/30/1899,1269.65,31.63,55.54,15215,82.8387,4.5553,1.3361,34.95,64.97,1977.81
6/30/2023,4450.38,19916.56,66.44,4.0821,3.5339,1.0862,1.2488,136.39,12/30/1899,1283.4,31.697,55.75,15315,82.955,4.554,1.3403,35.063,65.79,1971.86
7/3/2023,4455.59,20078.94,67.23,4.154,3.5641,1.084,1.2487,137.68,12/30/1899,1279.85,31.674,56.033,15340,83.1488,4.56,1.3421,34.98,65.81,1975.23
7/5/2023,4446.82,20011.12,66.7,4.2517,3.6457,1.077,1.2409,138.71,12/30/1899,1275.35,31.814,56.26,15283,83.1062,4.583,1.3479,35.1,66.15,1957.16
7/6/2023,4411.59,19517.38,65.45,4.2659,3.6726,1.0805,1.2445,137.98,12/30/1899,1274.45,31.742,56.205,15285,83.11,4.573,1.3444,35.265,65.06,1941.41
7/7/2023,4398.95,19420.87,66.05,4.3154,3.7148,1.0813,1.2437,138.6,12/30/1899,1277.65,31.771,56.25,15325,82.9337,4.5705,1.3466,35.13,66.62,1946.46
7/10/2023,4409.53,19539.46,66.16,4.316,3.6919,1.077,1.2413,138.59,12/30/1899,1277.05,31.802,56.325,15315,82.6812,4.588,1.3472,35.097,66.24,1943.19
7/11/2023,4439.26,19537.92,66.85,4.3757,3.7419,1.075,1.2365,139.47,12/30/1899,1274.55,31.932,56.81,15295,82.5775,4.6157,1.3495,35,66.92,1959.33
7/12/2023,4472.16,19184.17,68.27,4.5329,3.8174,1.0725,1.2321,140.06,12/30/1899,1283.85,31.927,56.845,15245,82.655,4.636,1.3546,34.998,67.07,1962.73
7/13/2023,4510.04,19246.03,69.23,4.5619,3.7983,1.0723,1.2344,140.6,12/30/1899,1298.35,31.9,56.51,15295,82.6288,4.6293,1.3522,35.222,68.22,1977.61
7/14/2023,4505.42,19248.26,68.88,4.5619,3.7983,1.0708,1.2355,140.45,12/30/1899,1299.1,31.977,56.775,15290,82.705,4.6543,1.3536,35.463,68.59,1947.97
7/17/2023,4522.79,19075.19,68.88,4.4501,3.6866,1.0735,1.2414,139.79,12/30/1899,1309.7,31.951,56.17,15260,82.73,4.6488,1.3505,35.513,69.4,1961.86
7/18/2023,4554.98,18773.55,68.22,4.4027,3.6426,1.0689,1.2441,139.34,12/30/1899,1306.05,31.976,56.38,15240,82.785,4.6488,1.3516,35.607,68.45,1963.52
7/19/2023,4565.72,18581.11,68.11,4.3408,3.595,1.0762,1.2526,138.8,12/30/1899,1316,31.944,56.735,15230,82.7188,4.648,1.3478,35.52,68.12,1940.02
7/20/2023,4534.87,18329.3,67.62,4.4969,3.6907,1.0708,1.2453,139.92,12/30/1899,1315.9,31.931,56.78,15240,82.7475,4.6592,1.3503,35.503,69.16,1965.46
7/21/2023,4536.34,18326.63,67.45,4.4659,3.6831,1.0713,1.2438,139.58,12/30/1899,1315.85,31.786,56.58,15240,83.0375,4.646,1.3493,35.64,69.39,1961.19
7/24/2023,4554.64,17950.85,68.34,4.4786,3.6602,1.0693,1.2424,139.63,12/30/1899,1324.65,31.858,56.757,15265,83.1362,4.6407,1.3486,35.76,69.46,1957.84
7/25/2023,4567.46,17623.29,68.95,4.5563,3.7952,1.0699,1.2438,140.13,12/30/1899,1330.6,31.885,56.748,15293,83.2125,4.655,1.3488,35.79,70.1,1943.74
7/26/2023,4566.75,17791.01,69.34,4.5147,3.7179,1.0782,1.256,138.92,12/30/1899,1336.8,31.888,56.598,15325,82.945,4.646,1.3427,35.815,71.11,1942.52
7/27/2023,4537.41,17845.92,68.66,4.5956,3.7394,1.0749,1.2572,139.4,12/30/1899,1341.8,31.859,56.64,15325,83.0275,4.6385,1.3434,35.728,71.4,1958.01
7/28/2023,4582.23,18212.17,70.48,4.577,3.7356,1.0757,1.2509,139.6,12/30/1899,1338.2,31.862,56.825,15325,82.9212,4.6462,1.3436,35.95,71.14,1957.98
7/31/2023,4588.96,17956.38,70.53,4.6662,3.8133,1.0793,1.2612,140.22,12/30/1899,1342.75,31.868,56.943,15340,82.985,4.6558,1.3423,36.06,71.81,1950.48
8/1/2023,4576.73,18130.74,69.7,4.6879,3.7862,1.083,1.2664,140.09,12/30/1899,1335.5,31.888,56.795,15370,83.04,4.6652,1.3413,36.15,72.3,1936.42
8/2/2023,4513.39,18484.03,67.9,4.6418,3.7165,1.0945,1.2784,140.29,12/30/1899,1339.8,31.904,56.641,15355,83.18,4.6757,1.3366,36.01,72.88,1932.55
8/3/2023,4501.89,18482.86,68.43,4.7141,3.7613,1.0937,1.2817,141.82,12/30/1899,1322.35,31.971,56.685,15353,83.2688,4.677,1.3375,36.132,72.62,1914.01
8/4/2023,4478.03,18382.06,68.17,4.7141,3.7613,1.0921,1.2792,141.98,12/30/1899,1325,32.001,56.662,15370,83.0813,4.6772,1.341,36.362,71.38,1921.2
8/7/2023,4518.44,18844.16,68.12,4.6847,3.7207,1.0918,1.2765,141.47,12/30/1899,1323.3,32.011,56.728,15380,83.0925,4.673,1.3433,36.53,72.65,1923.26
8/8/2023,4499.38,18456.91,67.19,4.7152,3.7189,1.0986,1.277,141.88,12/30/1899,1321.8,31.988,56.764,15384,82.9375,4.6788,1.3404,36.755,73.47,1913.69
8/9/2023,4467.71,18449.98,67.39,4.7909,3.7946,1.0956,1.2748,143.11,12/30/1899,1323.5,32.036,56.812,15375,83.1487,4.681,1.345,36.412,73.35,1907.32
8/10/2023,4468.83,18202.07,67.49,4.7412,3.7347,1.0894,1.2714,143.7,12/30/1899,1322.65,31.973,56.87,15375,83.2388,4.6835,1.3519,36.938,73.96,1908.2
8/11/2023,4464.05,18096.45,66.36,4.744,3.7212,1.0906,1.2713,143.51,12/30/1899,1318.75,31.909,56.77,15400,83.2288,4.6833,1.3535,37.037,74.52,1919.35
8/14/2023,4489.72,18025.89,66.02,4.7554,3.7639,1.0961,1.2749,144.07,12/30/1899,1319.55,31.925,56.82,15490,83.1925,4.69,1.3492,37.065,73.83,1921.64
8/15/2023,4437.86,18009.22,65.14,4.7098,3.7078,1.0913,1.2636,144.48,12/30/1899,1330.65,31.983,56.853,15520,83.04,4.6965,1.3528,36.92,73.77,1925.48
8/16/2023,4404.33,18047.92,64.5,4.8593,3.8383,1.0865,1.2613,144.76,12/30/1899,1330.65,32.007,56.795,15455,83.205,4.6863,1.3565,37.022,73.5,1915.3
8/17/2023,4370.36,18182.89,64.68,4.8954,3.8367,1.0909,1.2703,144.31,12/30/1899,1335.35,32.028,56.775,15530,83.2388,4.6933,1.3524,37.105,72.74,1910.9
8/18/2023,4369.71,17930.55,64.07,4.9358,3.8545,1.0912,1.2693,144.68,12/30/1899,1332.95,32.118,56.965,15580,83.2563,4.6895,1.3512,36.743,72.55,1925.05
8/21/2023,4399.77,17997.17,64.16,4.9358,3.8545,1.0879,1.2713,144.47,12/30/1899,1331.35,32.132,56.938,15632,83.2462,4.6865,1.3493,36.417,72.89,1925.35
8/22/2023,4387.55,17885.6,64,4.9445,3.9315,1.0854,1.2704,144.66,12/30/1899,1327.65,32.158,56.977,15615,83.27,4.6908,1.3534,36.178,73.4,1932.23
8/23/2023,4436.01,17655.41,64.92,4.9806,4.0291,1.0889,1.274,144.07,12/30/1899,1330,32.233,56.592,15610,83.2525,4.7087,1.3536,36.3,73.4,1957.35
8/24/2023,4376.31,18057.45,64.7,4.9459,4.0616,1.0967,1.2839,142.21,12/30/1899,1325.9,32.245,56.785,15690,83.185,4.6953,1.3468,36.395,73.2,1960.51
8/25/2023,4405.71,17729.29,64.8,4.8576,3.9938,1.1001,1.2861,141.31,12/30/1899,1326,32.275,56.797,15735,83.245,4.7172,1.3449,36.283,72.7,1955.21
8/28/2023,4433.31,17466.9,65.47,4.8726,3.97,1.1009,1.2933,140.36,12/30/1899,1324.35,32.246,56.71,15693,83.2637,4.7238,1.341,36.465,72.26,1955.04
8/29/2023,4497.63,17611.87,66.48,4.7462,3.8573,1.1129,1.2988,138.5,12/30/1899,1328.5,32.339,56.68,15690,83.2775,4.73,1.3302,36.513,72.84,1978.72
8/30/2023,4514.87,17373.03,66.2,4.6303,3.7634,1.1226,1.3136,138.05,12/30/1899,1330.15,32.337,56.625,15683,83.26,4.7277,1.3221,36.167,72.65,1976.64
8/31/2023,4507.66,17809.66,65.58,4.7656,3.8322,1.1228,1.3093,138.8,12/30/1899,1339.75,32.274,56.96,15720,83.2663,4.7142,1.3215,36.19,73.29,1969.53
9/1/2023,4515.77,17331.22,66.43,4.7424,3.8068,1.1236,1.3073,138.71,12/30/1899,1336.75,32.222,56.865,15715,83.2388,4.7315,1.3219,36.252,73.34,1961.94
9/5/2023,4496.83,17195.84,65.99,4.7659,3.7853,1.1229,1.3036,138.83,12/30/1899,1336.55,32.115,56.785,15730,83.12,4.728,1.3228,36.217,74.05,1954.73
9/6/2023,4465.48,17213.87,65.72,4.766,3.7483,1.1201,1.294,139.65,12/30/1899,1348.7,32.124,56.674,15815,83.19,4.7163,1.325,35.963,74.98,1964.96
9/7/2023,4451.14,17485.98,64.9,4.8387,3.8503,1.113,1.2868,140.07,12/30/1899,1349.4,32.229,56.813,15875,83.1888,4.7118,1.327,35.94,75.67,1972.07
9/8/2023,4457.49,17517.4,64.92,4.8372,3.8349,1.1124,1.2854,141.73,12/30/1899,1363.45,32.287,56.793,15935,83.2325,4.7283,1.3307,36.225,75.71,1946
9/11/2023,4487.46,17664.73,65.61,4.9191,3.8725,1.1064,1.2829,141.48,12/30/1899,1350.55,32.304,56.745,15850,83.245,4.738,1.3318,35.925,75.75,1959.49
9/12/2023,4461.9,17893.1,65.43,4.8744,3.8845,1.1055,1.2902,140.9,12/30/1899,1350,32.306,56.71,15870,83.25,4.736,1.3275,35.71,75.87,1965.09
9/13/2023,4467.44,18238.21,65.32,4.8516,3.8668,1.1086,1.2941,140.24,12/30/1899,1349.65,32.34,56.86,15920,83.255,4.747,1.3254,35.498,75.99,1944.29
9/14/2023,4505.1,17813.45,65.78,4.9284,3.9982,1.0979,1.2796,139.48,12/30/1899,1338.8,32.33,56.845,15940,83.2887,4.77,1.3315,35.563,76.43,1934.45
9/15/2023,4450.32,17640.36,65.49,4.8744,3.9507,1.1016,1.2851,141.16,12/30/1899,1338.5,32.364,56.834,15890,83.2538,4.7677,1.3316,35.592,76.22,1934.06
9/18/2023,4453.53,17773.34,65.43,4.8766,3.9588,1.0997,1.2835,142.29,12/30/1899,1350.05,32.325,56.769,15885,83.285,4.7943,1.3296,35.58,76.95,1942.91
9/19/2023,4443.95,17732.52,64.92,4.9016,4.023,1.0984,1.2777,143.34,12/30/1899,1353.65,32.356,56.863,15935,83.215,4.7855,1.3366,35.888,76.62,1936.56
9/20/2023,4402.2,17295.89,64.62,4.8767,4.0775,1.0938,1.2711,143.32,12/30/1899,1353.55,32.447,56.97,15857,83.2675,4.78,1.341,36.007,76.8,1925.24
9/21/2023,4330,17172.13,63.43,4.881,4.1751,1.0949,1.2709,142.58,12/30/1899,1349.6,32.435,56.96,15728,83.2775,4.787,1.341,36.052,76.76,1914.46
9/22/2023,4320.06,16991.53,64.42,4.7641,4.0338,1.1006,1.2749,141.76,12/30/1899,1357.3,32.436,56.73,15538,83.2875,4.7782,1.3395,35.445,76.54,1912.48
9/25/2023,4337.44,17085.33,64.13,4.7619,4.0885,1.1002,1.2784,142.5,12/30/1899,1352.5,32.427,56.11,15630,83.3438,4.7635,1.3411,35.467,76.67,1913.76
9/26/2023,4273.53,17044.61,63.13,4.7514,4.022,1.0956,1.2748,143.38,12/30/1899,1353.7,32.49,55.915,15650,83.3313,4.7632,1.3475,35.095,75.76,1907.1
9/27/2023,4274.51,17398.73,63.35,4.808,4.0081,1.0974,1.2719,143.73,12/30/1899,1343.1,32.366,56.13,15655,83.145,4.7717,1.3466,35.11,75.93,1902
9/28/2023,4299.7,17406.36,63.41,4.8417,4.1055,1.0981,1.2676,144.75,12/30/1899,1349.45,32.299,56.035,15695,83.2363,4.7502,1.3494,35.222,76.19,1891.81
9/29/2023,4288.05,17112.48,63.5,4.8947,4.1522,1.0949,1.2696,144.96,12/30/1899,1359.85,32.152,55.865,15700,83.27,4.727,1.3522,35.205,76.72,1889.43
10/2/2023,4288.39,17101.78,63.26,4.9669,4.1913,1.0906,1.2683,145.56,12/30/1899,1355.9,32.205,55.955,15695,83.3463,4.643,1.3557,35.27,76.14,1889.31
10/3/2023,4229.45,17230.59,62.49,4.9522,4.211,1.0905,1.2705,145.57,12/30/1899,1350.9,32.257,56.06,15535,83.3538,4.67,1.3583,35.485,75.74,1894.93
10/4/2023,4263.75,17664.12,62.34,4.9652,4.2504,1.0879,1.2732,146.35,12/30/1899,1350.65,32.268,56.066,15545,83.32,4.682,1.3598,35.107,75.5,1897.48
10/5/2023,4258.19,17966.59,62.77,4.9292,4.2741,1.0872,1.2747,145.84,12/30/1899,1357.25,32.364,55.835,15493,83.3425,4.6932,1.3584,34.94,75.52,1915.48
10/6/2023,4308.5,17670.16,63.75,4.9425,4.2546,1.0873,1.2734,145.39,12/30/1899,1343,32.336,55.775,15445,83.3775,4.7087,1.3572,34.813,72.06,1916.91
10/9/2023,4335.66,17568.46,63.45,5.0006,4.3379,1.0896,1.2756,146.22,12/30/1899,1322.3,32.339,55.67,15440,83.3438,4.7172,1.3575,35.188,71.03,1914.96
10/10/2023,4358.24,17511.29,64.25,5.0459,4.3241,1.0846,1.2732,145.89,12/30/1899,1297.45,32.102,55.543,15575,83.3275,4.6725,1.3578,35.028,71.23,1920.17
10/11/2023,4376.95,17203.26,64.68,4.9667,4.1918,1.0863,1.2727,144.84,12/30/1899,1308,32.007,55.395,15555,83.395,4.6875,1.3526,34.943,73.07,1937.54
10/12/2023,4349.61,17426.21,64.03,5.0229,4.2372,1.081,1.2602,145.83,12/30/1899,1310.55,31.846,55.48,15565,83.295,4.681,1.3566,35.153,73.68,1942.32
10/13/2023,4327.78,17396.86,63.78,5.0779,4.2354,1.0796,1.2578,146.44,12/30/1899,1309.75,31.647,55.402,15495,83.3638,4.668,1.3561,35.18,73.54,1940.19
10/16/2023,4373.63,18079,64.08,5.0479,4.202,1.0819,1.2602,146.54,12/30/1899,1316.9,31.428,55.395,15435,83.3862,4.657,1.356,35.333,73.48,1940.06
10/17/2023,4373.2,17832.82,63.82,4.8942,4.1197,1.088,1.2644,145.88,12/30/1899,1325.1,31.583,55.416,15395,83.3262,4.677,1.3496,35.662,75.85,1942.69
10/18/2023,4314.6,17454.19,62.86,4.8859,4.1139,1.0923,1.2721,146.24,12/30/1899,1328.95,31.538,55.385,15510,83.3587,4.6803,1.3497,35.79,75.52,1926.12
10/19/2023,4278,17778.07,62.47,4.8629,4.1081,1.0843,1.2673,145.54,12/30/1899,1300.75,31.62,55.493,15485,83.3862,4.6877,1.3512,35.025,75.76,1916.56
10/20/2023,4224.16,17733.89,61.7,4.8785,4.1788,1.078,1.259,146.22,12/30/1899,1296.9,31.555,55.412,15455,83.39,4.6805,1.3527,34.842,76.59,1919.68
10/23/2023,4217.04,17734.6,61.74,4.8785,4.1788,1.0796,1.2625,146.47,12/30/1899,1296.75,31.46,55.33,15505,83.3875,4.671,1.3549,35,76.52,1919.08
10/24/2023,4247.68,17910.84,62.65,4.9597,4.2598,1.0722,1.2564,147.72,12/30/1899,1291.55,31.241,55.31,15493,83.4025,4.652,1.3613,34.995,76.11,1922.3
10/25/2023,4186.77,17559.42,61.67,5.0162,4.2797,1.0727,1.2507,147.66,12/30/1899,1289.2,31.252,55.307,15515,83.3275,4.6625,1.3636,34.9,75.26,1913.67
10/26/2023,4137.23,17525.06,61.22,4.9469,4.2441,1.0696,1.2472,147.3,12/30/1899,1300.5,31.472,55.31,15510,83.0013,4.6733,1.3658,34.855,74.78,1908.12
10/27/2023,4117.37,17354.14,61.27,4.9906,4.2641,1.07,1.2468,147.83,12/30/1899,1297.5,31.406,55.66,15615,83.0625,4.6565,1.3657,34.64,76,1910.79
10/30/2023,4166.82,16993.44,62.06,4.9905,4.288,1.075,1.2509,146.59,12/30/1899,1306.3,31.486,55.59,15620,83.185,4.666,1.3606,34.61,74.95,1923.91
10/31/2023,4193.8,17042.88,61.41,5.02,4.2801,1.0754,1.249,147.08,12/30/1899,1303.85,31.496,56.075,15660,83.18,4.669,1.3606,34.575,76.03,1933.84
11/1/2023,4237.86,16830.3,61.83,4.9692,4.2485,1.073,1.249,147.46,12/30/1899,1293.8,31.522,55.8,15497,83.275,4.6753,1.3611,34.38,74.39,1931.36
11/2/2023,4317.78,16646.05,62.79,5.0114,4.2863,1.0643,1.2409,147.47,12/30/1899,1289.3,31.366,55.668,15493,83.15,4.664,1.3635,34.14,73.92,1930.3
11/3/2023,4358.34,16327.86,64.24,5.0325,4.3324,1.0657,1.2383,147.85,12/30/1899,1290.1,31.506,55.857,15510,83.1938,4.6832,1.3636,34.14,73.64,1920.02
11/6/2023,4365.98,16463.26,64.79,5.0538,4.3026,1.0692,1.2383,147.61,12/30/1899,1305.75,31.501,55.955,15505,83.3488,4.684,1.3633,34.335,75.02,1925.23
11/7/2023,4378.38,16345.89,64.57,5.0901,4.3586,1.0679,1.2392,147.86,12/30/1899,1304.05,31.52,55.755,15510,83.1725,4.7075,1.3648,34.45,73.9,1915.92
11/8/2023,4382.78,16334.37,64.11,5.1758,4.407,1.0661,1.2344,148.34,12/30/1899,1311.2,31.319,55.59,15525,83.21,4.6725,1.3653,34.722,74.69,1900.65
11/9/2023,4347.35,16201.49,63.53,5.1438,4.4942,1.0661,1.2298,147.59,12/30/1899,1313.1,31.25,55.4,15483,83.235,4.6693,1.3666,35.028,71.97,1875.12
11/10/2023,4415.24,16374.5,63.86,5.1097,4.4337,1.0653,1.2241,148.37,12/30/1899,1325.4,31.308,55.598,15430,83.3163,4.6947,1.3652,34.952,70.67,1864.87
11/13/2023,4411.55,16228.75,64,5.1249,4.5334,1.0593,1.2211,148.88,12/30/1899,1306.95,31.357,55.494,15420,83.2875,4.6783,1.3663,34.982,71.18,1848.63
11/14/2023,4495.7,16402.19,65.51,5.1207,4.5356,1.0572,1.2158,149.07,12/30/1899,1316.45,31.298,55.387,15397,83.2275,4.658,1.3689,35.052,72.19,1828.03
11/15/2023,4502.88,16792.19,66.13,5.1354,4.6075,1.0503,1.2135,149.63,12/30/1899,1313.9,31.276,55.66,15470,83.1625,4.6545,1.3726,35.057,73,1823.02
11/16/2023,4508.24,16629.23,65.39,5.0582,4.5748,1.0566,1.2203,149.31,12/30/1899,1320,31.196,55.575,15480,83.135,4.6285,1.3658,34.95,72.68,1821.36
11/17/2023,4514.02,16505,65.5,5.0436,4.5711,1.0573,1.2199,149.37,12/30/1899,1295.3,31.133,55.5,15490,83.115,4.6388,1.3662,35.372,72.31,1820.3
11/20/2023,4547.38,16613.81,66.295,5.1041,4.6785,1.0477,1.2087,149.86,12/30/1899,1296.35,31.06,55.575,15515,83.0375,4.6302,1.373,35.503,69.82,1833.01
11/21/2023,4538.19,16621.13,65.87,5.1502,4.7955,1.0467,1.2077,149.02,12/30/1899,1297.25,30.87,55.695,15525,83.0338,4.609,1.3731,35.6,71.92,1861.41
11/22/2023,4556.62,16340.41,65.77,5.0518,4.7329,1.0504,1.2135,149.12,12/30/1899,1307.85,30.705,56.03,15520,82.92,4.594,1.3721,35.522,73.14,1860.4
11/24/2023,4559.34,16624.84,65.74,5.0183,4.7185,1.055,1.2192,148.51,12/30/1899,1298.95,30.709,56.272,15570,82.8887,4.6058,1.367,35.673,73.07,1874.36
11/27/2023,4550.43,17043.53,65.38,5.0813,4.8009,1.0586,1.2237,149.32,12/30/1899,1305.2,30.867,55.979,15549,83.075,4.6328,1.3651,35.69,72.48,1868.9
11/28/2023,4554.89,17047.39,65.84,5.0813,4.8009,1.0567,1.2238,148.51,12/30/1899,1302.9,31.01,55.934,15550,83.1362,4.635,1.3653,35.68,71.62,1932.82
11/29/2023,4550.58,16788.55,65.43,4.9696,4.653,1.0605,1.2287,148.71,12/30/1899,1294.3,30.999,55.792,15555,83.12,4.6553,1.3631,35.728,71.25,1920.2
11/30/2023,4567.8,16646.41,65.41,4.9821,4.5582,1.062,1.2313,149.17,12/30/1899,1294.2,31.016,55.833,15591,83.0675,4.6515,1.3633,35.627,72.1,1923.18
12/1/2023,4594.63,16645.98,65.6,5.0687,4.6969,1.0528,1.2175,149.81,12/30/1899,1288.1,30.995,55.92,15640,83.1588,4.6425,1.3701,35.575,73.1,1947.55
12/4/2023,4569.78,16535.33,64.76,5.0538,4.6124,1.051,1.2143,149.57,12/30/1899,1300.55,31.019,55.835,15620,83.1338,4.642,1.3694,35.37,71.47,1974.46
12/5/2023,4567.18,16224.45,64.35,5.0985,4.706,1.056,1.2217,149.51,12/30/1899,1305.05,31.129,55.972,15615,83.1163,4.644,1.3676,35.472,70.44,1981.4
12/6/2023,4549.34,16190.02,64.33,5.2095,4.8341,1.0577,1.2183,149.81,12/30/1899,1310.15,31.097,56.29,15635,83.1425,4.6477,1.3683,35.458,70.67,1972.85
12/7/2023,4585.59,16097.28,64.64,5.2225,4.9149,1.0536,1.214,149.93,12/30/1899,1315.65,31.126,56.162,15630,83.1125,4.6707,1.3734,35.25,69.92,1970.97
12/8/2023,4604.37,16302.04,64.39,5.1585,4.9898,1.0582,1.2144,149.8,12/30/1899,1315.85,31.222,56.315,15710,83.0412,4.6945,1.3728,35.798,68.12,1979.72
12/11/2023,4622.44,16244.58,64.82,5.0731,4.9137,1.0594,1.2164,149.86,12/30/1899,1315.8,31.401,56.549,15825,82.9775,4.7172,1.3725,35.67,68.02,1984.71
12/12/2023,4643.7,16216.33,64.88,5.0474,4.8502,1.067,1.2249,149.71,12/30/1899,1320.25,31.604,56.32,15820,82.925,4.719,1.3668,35.588,69.16,2006.37
12/13/2023,4707.09,15865.92,65.4,5.1119,4.8229,1.059,1.216,149.91,12/30/1899,1312.8,31.581,56.288,15810,83.0638,4.7185,1.3685,35.813,69.66,1996.1
12/14/2023,4719.55,15276.9,66.29,5.1206,4.9549,1.0566,1.2112,150.23,12/30/1899,1313.85,31.435,56.41,15780,83.055,4.7308,1.3707,35.915,67.78,1983.88
12/15/2023,4719.19,15391.79,65.84,5.0395,4.8445,1.0563,1.2129,150.4,12/30/1899,1320.25,31.344,56.295,15780,82.9688,4.7277,1.3695,35.88,68.75,1982.53
12/18/2023,4740.56,15308.69,65.77,5.0021,4.8346,1.0565,1.2122,149.66,12/30/1899,1331.75,31.326,56.124,15765,82.955,4.7315,1.3698,35.713,70.36,1985.78
12/19/2023,4768.37,14961.18,66.35,5.054,4.8942,1.0615,1.217,149.1,12/30/1899,1344.35,31.34,55.925,15658,83.0325,4.73,1.3643,36.13,70.21,1992.65
12/20/2023,4698.35,15353.98,63.95,5.0873,4.9307,1.0575,1.2153,151.68,12/30/1899,1339.3,31.306,56.288,15705,83.0025,4.7335,1.3697,36.175,70.9,1978.14
12/21/2023,4746.75,15899.87,65.325,4.9436,4.7341,1.057,1.2152,150.95,12/30/1899,1338.9,31.297,56.202,15730,83.01,4.7273,1.3681,36.02,71.67,1969.45
12/22/2023,4754.63,16211.96,64.92,4.9893,4.659,1.0622,1.2203,150.45,12/30/1899,1338.8,31.243,55.96,15635,83.0287,4.733,1.3648,36.022,71.48,1950.2
12/26/2023,4774.75,15952.23,65.38,4.8386,4.5724,1.0731,1.238,149.39,12/30/1899,1333.25,31.151,55.919,15595,83.0437,4.717,1.3543,36.055,70.9,1958.55
12/27/2023,4781.58,16077.24,65.73,4.9345,4.6431,1.0718,1.2344,150.07,12/30/1899,1337.2,31.293,56.023,15595,83.0163,4.749,1.3506,35.853,70.16,1940.2
12/28/2023,4783.35,15703.45,66.5,4.9176,4.5665,1.07,1.23,150.37,12/30/1899,1335.9,31.331,55.955,15620,82.97,4.7677,1.3544,35.835,71.32,1946.92
12/29/2023,4769.83,15485.07,66.57,4.932,4.4925,1.0709,1.2285,150.98,12/30/1899,1336.3,31.232,56.11,15620,82.9713,4.7607,1.3564,36.112,70.75,1964.29
1/2/2024,4742.83,15566.21,65.44,5.0202,4.6241,1.0668,1.2223,151.35,12/30/1899,1335.65,31.37,56.035,15630,82.85,4.7725,1.3604,35.82,68.93,1959.85
1/3/2024,4704.81,15533.56,65.22,5.0623,4.6518,1.0686,1.2227,151.52,12/30/1899,1329.5,31.332,55.967,15660,82.95,4.765,1.3605,36.052,68.72,1980.9
1/4/2024,4688.68,15510.01,64.84,5.0348,4.6399,1.0698,1.2279,151.72,12/30/1899,1334.65,31.356,56.067,15635,82.8975,4.7633,1.359,35.87,68.06,1980.82
1/5/2024,4697.24,16136.87,64.82,4.836,4.4473,1.0879,1.2499,150.37,12/30/1899,1331.85,31.428,56.061,15590,82.8988,4.7865,1.3489,35.945,69.69,1978.07
1/8/2024,4763.54,16081.89,64.93,4.9118,4.5314,1.0848,1.2416,151.36,12/30/1899,1322.35,31.357,55.96,15595,82.9325,4.7825,1.3504,35.815,69.04,1998.29
1/9/2024,4756.5,15878.07,64,4.8375,4.4355,1.0852,1.2414,150.73,12/30/1899,1330.75,31.399,55.724,15630,82.9138,4.7793,1.347,35.815,69.88,1990.17
1/10/2024,4783.45,15746.58,63.88,4.8855,4.4354,1.0915,1.2462,149.63,12/30/1899,1327.55,31.499,55.915,15640,82.905,4.787,1.3435,35.693,67.95,1992.25
1/11/2024,4780.24,15879.38,64.3,4.9109,4.4198,1.094,1.2505,148.39,12/30/1899,1327.7,31.535,56.085,15685,82.8925,4.7987,1.3382,35.577,68.67,2000.82
1/12/2024,4783.83,15944.63,64.54,4.8723,4.3926,1.0911,1.2539,148.39,12/30/1899,1328.25,31.513,56.093,15715,82.895,4.7943,1.3385,35.42,68.32,2014.13
1/16/2024,4765.98,16339.96,62.86,4.8996,4.4042,1.0888,1.2494,149.54,12/30/1899,1328.05,31.561,56.237,15700,82.8288,4.7755,1.3419,35.388,68.8,2040.97
1/17/2024,4739.21,16155.61,61.78,4.8996,4.4042,1.0905,1.2534,149.56,12/30/1899,1335.35,31.553,56.207,15740,82.785,4.7773,1.3408,35.57,69.52,2044.24
1/18/2024,4780.94,16247.51,62.41,4.9484,4.4665,1.0939,1.2603,149.44,12/30/1899,1334.05,31.58,56.026,15769,82.765,4.7773,1.3401,35.732,69.12,2036.41
1/19/2024,4839.81,16503.1,63.17,4.888,4.3866,1.0954,1.2627,148.69,12/30/1899,1335.55,31.583,55.982,15700,82.775,4.761,1.3368,35.623,68.91,2072.22
1/22/2024,4850.43,16742.95,62.49,4.7342,4.3207,1.0993,1.2694,147.48,12/30/1899,1335.15,31.613,55.972,15653,82.86,4.771,1.3312,35.775,69.75,2029.42
1/23/2024,4864.6,16725.86,63.11,4.6455,4.2552,1.0969,1.2695,147.24,12/30/1899,1337.5,31.526,55.877,15590,82.825,4.7428,1.3329,35.98,69.08,2019.36
1/24/2024,4868.55,16634.74,64.03,4.6802,4.3264,1.0888,1.2624,148.2,12/30/1899,1334.8,31.576,55.84,15578,82.89,4.746,1.3373,36.085,70.48,2025.55
1/25/2024,4894.16,16790.8,64.04,4.5384,4.1956,1.0884,1.271,146.82,12/30/1899,1328.75,31.585,55.579,15582,82.9125,4.7225,1.3335,36.173,70.16,2028.47
1/26/2024,4890.97,16536.85,64.04,4.6353,4.2529,1.0836,1.2633,147.21,12/30/1899,1331.1,31.543,55.379,15595,83.0425,4.7352,1.3377,36.052,70.56,2004.67
1/29/2024,4927.93,16511.44,64.08,4.5767,4.1649,1.0797,1.2595,147.15,12/30/1899,1331.05,31.429,55.319,15690,83.1687,4.7323,1.3411,36.372,71.95,1981.95
1/30/2024,4924.97,16589.44,63.47,4.5929,4.104,1.0764,1.256,147.31,12/30/1899,1331.15,31.424,55.401,15715,83.1537,4.7052,1.3421,36.403,72.45,1979.54
1/31/2024,4845.65,16595.97,63.05,4.5945,4.1495,1.0794,1.2594,144.13,12/30/1899,1333.65,31.424,55.405,15715,83.425,4.6835,1.3392,36.295,71.59,2027.74
2/1/2024,4906.19,16162.64,63.64,4.7209,4.2256,1.0763,1.2549,144.95,12/30/1899,1331.4,31.469,55.528,15660,83.2887,4.6818,1.3421,36.415,72.38,2036.36
2/2/2024,4958.61,16438.09,63.39,4.708,4.2333,1.0765,1.2555,146.16,12/30/1899,1331.35,31.506,55.555,15780,83.3788,4.6782,1.3438,36.48,70.97,2019.62
2/5/2024,4942.81,16229.78,63.5,4.7308,4.2006,1.0794,1.2563,145.45,12/30/1899,1334.5,31.602,55.92,15798,83.4037,4.686,1.3414,36.39,69.44,2027.19
2/6/2024,4954.23,16353.39,65.14,4.4265,4.0164,1.0874,1.2618,142.89,12/30/1899,1334.35,31.668,56.136,15790,83.3838,4.686,1.3331,36.423,68.5,2040.35
2/7/2024,4995.06,16587.57,65.14,4.3882,3.9208,1.0993,1.2767,141.89,12/30/1899,1330.9,31.781,56.034,15855,83.4337,4.7072,1.3274,36.638,69.16,2031.39
2/8/2024,4997.91,17093.5,64.8,4.4428,3.911,1.0895,1.2681,142.15,12/30/1899,1319.75,31.876,56.286,15855,83.445,4.718,1.3327,36.707,69.37,2045.95
2/9/2024,5026.61,17082.11,65.13,4.4463,3.9314,1.0924,1.2648,142.78,12/30/1899,1310.2,31.84,56.397,15890,83.2925,4.737,1.3324,36.713,69.77,2053.08
2/12/2024,5021.84,16961.66,65.66,4.4394,3.9313,1.0981,1.2732,143.84,12/30/1899,1310.85,31.965,56.323,15897,83.315,4.7367,1.3284,36.645,71.14,2067.81
2/13/2024,4953.17,16720.89,64.31,4.3313,3.8474,1.0942,1.2639,143.57,12/30/1899,1314.35,31.874,56.223,15920,83.1938,4.7155,1.3326,36.365,71.64,2077.49
2/14/2024,5000.62,16737.12,65.32,4.3474,3.8881,1.1011,1.269,142.12,12/30/1899,1317.75,31.91,56.257,15893,83.415,4.7365,1.3263,36.368,71.75,2065.61
2/15/2024,5029.73,16529.48,65.61,4.3231,3.895,1.1014,1.2701,142.41,12/30/1899,1329.9,32.009,56.341,15845,83.45,4.7238,1.3238,36.605,71.88,2062.98
2/16/2024,5005.57,16543.07,65.86,4.3231,3.895,1.1008,1.269,142.35,12/30/1899,1333.7,31.993,56.45,16175,83.5375,4.7205,1.3241,36.777,71.12,2058.96
2/20/2024,4975.51,16863.1,65.92,4.352,3.8967,1.1042,1.2725,142.4,12/30/1899,1340,31.999,56.37,16220,83.5437,4.7345,1.3234,36.765,71.69,2041.49
2/21/2024,4981.8,16499.47,66.15,4.2416,3.7944,1.1105,1.2798,141.83,12/30/1899,1339.55,31.984,56.515,16175,83.47,4.725,1.3199,36.86,72.03,2043.65
2/22/2024,5087.03,16473.64,66.94,4.2767,3.8443,1.1061,1.2733,141.41,12/30/1899,1322.5,32.085,56.492,16255,83.3712,4.7305,1.3203,36.995,71.02,2045.45
2/23/2024,5088.8,16618.32,66.97,4.2499,3.8791,1.1039,1.2731,141.04,12/30/1899,1338.45,32.065,56.505,16235,83.3412,4.7525,1.3203,37.06,71.29,2028.07
2/26/2024,5069.53,16392.84,66.59,4.2499,3.8791,1.1045,1.2727,140.89,12/30/1899,1342.25,32.106,56.54,16220,83.32,4.756,1.3256,37.02,71.69,2030.2
2/27/2024,5078.18,16541.42,66.67,4.3201,3.9294,1.0942,1.2617,141.99,12/30/1899,1339.55,32.118,56.82,16154,83.325,4.7402,1.3287,37.02,70.59,2024.41
2/28/2024,5069.76,16931.52,65.77,4.3305,3.9162,1.0922,1.2665,143.29,12/30/1899,1348.7,32.013,56.996,16188,83.35,4.7475,1.3293,36.96,71.14,2028.91
2/29/2024,5096.27,16725.1,65.86,4.3845,3.9988,1.0945,1.2682,144.63,12/30/1899,1346.15,32.222,57.193,16210,83.4738,4.7525,1.3296,37.033,71.69,2049.06
3/1/2024,5137.08,16723.92,66.75,4.3807,4.0457,1.0943,1.272,144.63,12/30/1899,1347.35,32.296,57.2,16255,83.4362,4.7478,1.3281,37.057,71.31,2056.55
3/4/2024,5130.95,16732.85,66.63,4.3746,4.0305,1.095,1.2748,144.23,12/30/1899,1349.3,32.384,57.632,16260,83.4675,4.7705,1.331,36.95,71.01,2028.44
3/5/2024,5078.65,16828.07,66.02,4.3642,4.0133,1.0931,1.271,144.48,12/30/1899,1352.1,32.496,57.545,16185,83.43,4.78,1.3316,36.79,71.71,2006.25
3/6/2024,5104.76,17139.17,67.09,4.358,4.0283,1.0973,1.2742,145.76,12/30/1899,1348.85,32.492,57.51,16084,83.4987,4.7957,1.3308,36.9,71.8,2023.34
3/7/2024,5157.36,17095.03,67.52,4.2451,3.9658,1.0972,1.276,145.29,12/30/1899,1346.95,32.383,57.558,16025,83.515,4.793,1.3314,36.958,71.22,2029.49
3/8/2024,5123.69,16721.69,67.57,4.1441,3.939,1.0951,1.2753,144.88,12/30/1899,1352.7,32.534,57.801,16049,83.5175,4.7855,1.3334,36.935,71.64,2021.7
3/11/2024,5117.94,16600.46,67.82,4.1441,3.939,1.095,1.2727,145.73,12/30/1899,1353.25,32.653,57.691,16045,83.5112,4.7832,1.3425,36.72,71.81,2029.28
3/12/2024,5175.27,16248.97,68.66,4.2195,4.0581,1.0875,1.2637,147.19,12/30/1899,1354.95,32.597,57.685,16080,83.4987,4.7768,1.3447,36.815,71.27,2013.89
3/13/2024,5165.31,16251.84,68.35,4.3608,4.1019,1.0883,1.2676,148.16,12/30/1899,1364.2,32.534,57.774,16104,83.5275,4.7803,1.3441,36.665,71.7,2020.84
3/14/2024,5150.48,16385.87,67.97,4.3524,4.142,1.0876,1.2706,148.16,12/30/1899,1375.4,32.585,57.545,16028,83.5112,4.7773,1.3408,36.535,71.52,2018.52
3/15/2024,5117.09,16224.14,67.49,4.3845,4.1226,1.0898,1.2703,148.12,12/30/1899,1384.05,32.579,57.365,15925,83.4987,4.776,1.3419,36.14,72.78,2033.23
3/18/2024,5149.42,16511.69,67.65,4.3911,4.1052,1.0883,1.2709,148.1,12/30/1899,1394.65,32.563,57.23,15955,83.4975,4.768,1.3413,36.205,73.61,2037.01
3/19/2024,5178.51,16828.93,67.21,4.3678,4.1282,1.0854,1.2687,148.35,12/30/1899,1386.8,32.561,57.239,15975,83.3325,4.7675,1.3397,36.03,73.84,2039.52
3/20/2024,5224.62,17201.27,67.83,4.3799,4.1762,1.0885,1.2726,147.51,12/30/1899,1373.1,32.501,57.388,15995,83.31,4.7725,1.3402,36.315,74.53,2054.99
3/21/2024,5241.53,17284.54,67.93,4.2932,4.1184,1.0846,1.2708,147.66,12/30/1899,1382.3,32.383,57.388,15993,83.28,4.7545,1.3411,36.525,74.75,2039.76
3/22/2024,5234.18,17651.15,67.46,4.3489,4.1373,1.0853,1.2703,148.15,12/30/1899,1379.4,32.355,57.432,16065,83.0963,4.7385,1.3402,36.685,74.05,2025.11
3/25/2024,5218.19,17746.91,67.56,4.318,4.074,1.0833,1.2709,147.5,12/30/1899,1378.35,32.376,57.868,16090,83.1387,4.7393,1.3393,36.625,74.1,2036.14
3/26/2024,5203.58,17763.03,67.52,4.3345,4.0319,1.0845,1.27,147.61,12/30/1899,1369.4,32.415,57.845,16160,83.1837,4.7387,1.3408,36.635,73.6,2035.36
3/27/2024,5248.49,18207.13,67.54,4.2067,3.9124,1.0818,1.2688,146.92,12/30/1899,1374.8,32.461,57.545,16260,83.3425,4.7415,1.3366,36.748,74.45,2034.52
3/28/2024,5254.35,18475.92,67.75,4.2024,3.8802,1.0872,1.2744,146.43,12/30/1899,1375.3,32.421,57.477,16250,83.315,4.741,1.3429,36.802,74.3,2024.26
4/1/2024,5243.77,18578.3,68.1,4.3638,4.0199,1.0788,1.2631,148.38,12/30/1899,1377.25,32.419,57.62,16230,83.465,4.7397,1.3471,36.787,74.24,2020.05
4/2/2024,5205.81,18479.37,68.31,4.4722,4.1579,1.0743,1.2536,148.68,12/30/1899,1382.1,32.425,57.895,16220,83.145,4.7295,1.3442,36.588,75.08,1993.15
4/3/2024,5211.49,18313.86,68.24,4.4035,4.1,1.0755,1.2598,147.94,12/30/1899,1375.85,32.304,58.248,16285,83.5262,4.7175,1.3433,36.685,75.02,1992.33
4/4/2024,5147.21,18537.81,67.87,4.4287,4.1211,1.0772,1.2626,148.18,12/30/1899,1363,32.109,58.067,16260,83.3788,4.7063,1.3472,36.475,75.62,2004.4
4/5/2024,5204.34,18963.68,67.97,4.454,4.154,1.0778,1.2617,149.32,12/30/1899,1359.95,32.213,58.135,16195,83.4775,4.683,1.3458,36.502,76.21,2013.59
4/8/2024,5202.39,19115.06,68.31,4.4799,4.1754,1.0784,1.2628,149.29,12/30/1899,1362.75,32.253,58.195,16280,83.38,4.6877,1.3447,36.815,76.97,2017.21
4/9/2024,5209.91,19073.71,68.83,4.4738,4.1793,1.0772,1.2629,149.35,12/30/1899,1370,32.298,58.12,16290,83.51,4.6862,1.3511,36.743,76.94,2024.41
4/10/2024,5160.64,19376.53,67.9,4.6578,4.3143,1.0709,1.2592,150.8,12/30/1899,1368.05,32.285,57.963,16295,83.57,4.6968,1.3484,36.685,76.7,2025.99
4/11/2024,5199.06,19553.61,68.44,4.5778,4.2554,1.0727,1.2566,150.58,12/30/1899,1368.25,32.239,58.435,16270,83.5437,4.7038,1.3457,36.655,76.15,2024.39
4/12/2024,5123.41,19636.22,66.79,4.574,4.23,1.0772,1.26,149.93,12/30/1899,1369.15,32.265,58.65,16400,83.5475,4.7115,1.3471,36.765,76.81,2035.4
4/15/2024,5061.82,19220.62,66.37,4.6416,4.2792,1.0777,1.2602,150.21,12/30/1899,1345.1,32.181,58.526,16365,83.5612,4.6965,1.346,36.813,76.56,2031.24
4/16/2024,5051.41,19195.6,65.6,4.6416,4.2792,1.0779,1.2594,150.13,12/30/1899,1355.15,32.172,58.685,16430,83.4137,4.69,1.3436,36.83,77.03,2030.48
4/17/2024,5022.21,18868.71,65.56,4.6121,4.2753,1.0808,1.2623,150.01,12/30/1899,1355.85,32.304,58.735,16450,83.4538,4.7045,1.344,36.677,77.07,2034.55
4/18/2024,5011.12,18608.94,65.95,4.666,4.3187,1.0819,1.2638,150.3,12/30/1899,1363.3,32.449,58.795,16394,83.6475,4.7045,1.343,36.775,77.23,2044.3
4/19/2024,4967.23,18827.35,65.49,4.7116,4.3207,1.0823,1.266,150.53,12/30/1899,1362.85,32.414,58.618,16375,83.54,4.7065,1.3431,36.66,75.53,2082.92
4/22/2024,5010.6,18821.16,66.35,4.6896,4.248,1.0821,1.2672,150.51,12/30/1899,1362.35,32.405,58.525,16405,83.4688,4.7017,1.3444,36.685,75.37,2114.48
4/23/2024,5070.55,18477.01,66.97,4.7182,4.2795,1.0851,1.2685,150.7,12/30/1899,1369.45,32.402,58.795,16398,83.4325,4.6978,1.3441,36.647,75.11,2128.04
4/24/2024,5071.63,18230.19,67.41,4.6933,4.3032,1.0844,1.2685,150.51,12/30/1899,1363.85,32.343,58.695,16375,83.5775,4.695,1.3462,36.82,74.8,2148.18
4/25/2024,5048.42,18079.61,67.68,4.6374,4.2639,1.0838,1.2662,150.69,12/30/1899,1358.35,32.27,58.587,16322,83.4613,4.692,1.3456,36.87,75.59,2159.98
4/26/2024,5099.96,18403.04,68.36,4.6187,4.2502,1.0805,1.2625,149.98,12/30/1899,1364.9,32.249,58.654,16395,83.3913,4.723,1.3439,36.702,75.58,2178.95
4/29/2024,5116.17,18444.11,68.98,4.5313,4.1798,1.0837,1.2655,150.12,12/30/1899,1379.45,32.4,58.625,16370,83.4463,4.719,1.3434,36.715,75.94,2182.75
4/30/2024,5035.69,18424.96,68.14,4.6017,4.2131,1.0856,1.2692,150.53,12/30/1899,1385,32.393,58.764,16330,83.5025,4.7172,1.3428,36.857,76.34,2158.34
5/1/2024,5018.39,18476.8,68.14,4.5579,4.1525,1.0857,1.2705,150.05,12/30/1899,1376.1,32.335,58.777,16278,83.53,4.709,1.3388,36.763,75.76,2174.41
5/2/2024,5064.2,18366.95,70.2,4.5536,4.102,1.0899,1.2731,149.38,12/30/1899,1376.05,32.345,58.815,16255,83.5,4.7207,1.3332,36.63,75.29,2162.19
5/3/2024,5127.79,18176.34,70.76,4.5014,4.0827,1.0948,1.2809,148.05,12/30/1899,1372.95,32.39,58.805,16250,83.4937,4.7133,1.3311,36.58,73.02,2155.9
5/6/2024,5180.74,17937.84,70.85,4.4735,4.0749,1.0939,1.2858,147.06,12/30/1899,1365.5,32.402,58.772,16240,83.5025,4.7065,1.3304,36.463,73.4,2160.36
5/7/2024,5187.7,18112.63,70.33,4.536,4.0982,1.0926,1.2814,146.95,12/30/1899,1376.05,32.355,58.87,16195,83.4912,4.7095,1.3323,36.395,73.31,2157.59
5/8/2024,5187.67,17941.78,70.29,4.5862,4.1507,1.0927,1.2793,147.68,12/30/1899,1378.3,32.324,58.753,16138,83.53,4.7127,1.3323,36.4,73.71,2186.39
5/9/2024,5214.08,17936.12,70.65,4.6345,4.1899,1.0948,1.2797,147.76,12/30/1899,1376.1,32.377,58.611,16170,83.5675,4.713,1.336,36.27,73.7,2181.33
5/10/2024,5222.68,17915.55,70.99,4.6936,4.2903,1.0883,1.2753,148.33,12/30/1899,1373.9,32.401,58.647,16180,83.535,4.7052,1.3376,36.193,73.65,2165.44
5/13/2024,5221.42,18430.39,71.6,4.7276,4.3063,1.0889,1.2736,149.04,12/30/1899,1379.25,32.45,58.801,16100,83.6025,4.7163,1.3392,36.208,73.87,2171.83
5/14/2024,5246.68,18335.32,72.01,4.7319,4.3242,1.0872,1.2729,149.15,12/30/1899,1381.15,32.556,58.73,16157,83.5888,4.7175,1.342,36.105,73.2,2178.8
5/15/2024,5308.15,18028.52,72.84,4.6831,4.2925,1.0866,1.2722,150.86,12/30/1899,1381.2,32.537,58.583,16190,83.6588,4.7175,1.3397,35.875,73.67,2194.79
5/16/2024,5297.1,18027.71,73.11,4.6023,4.2728,1.0922,1.2785,151.26,12/30/1899,1381.75,32.438,58.52,16220,83.66,4.7137,1.3439,35.967,73.17,2229.87
5/17/2024,5303.27,18072.9,73.45,4.6363,4.2669,1.086,1.2658,151.62,12/30/1899,1384.65,32.551,58.528,16210,83.665,4.7212,1.3486,36.277,73.42,2251.44
5/20/2024,5308.13,18089.93,73.11,4.5891,4.1981,1.0808,1.2601,151.41,12/30/1899,1388.25,32.634,58.44,16215,83.6937,4.7195,1.346,36.21,73.95,2280.67
5/21/2024,5321.41,17716.47,72.52,4.6254,4.2454,1.0837,1.2636,151.42,12/30/1899,1389.1,32.641,58.34,16250,83.7162,4.709,1.3457,36.165,74.64,2300
5/22/2024,5307.01,17718.61,72.43,4.591,4.2316,1.0831,1.2628,151.56,12/30/1899,1387.4,32.475,58.308,16290,83.7063,4.7087,1.3476,36.147,74.68,2290.94
5/23/2024,5267.84,17769.14,72,4.5682,4.1903,1.0828,1.264,151.33,12/30/1899,1388.75,32.487,58.385,16280,83.7275,4.707,1.3503,36.06,74.24,2329.75
5/24/2024,5304.72,17978.57,72.16,4.62,4.2003,1.0789,1.2624,151.38,12/30/1899,1385.9,32.501,58.471,16300,83.7375,4.6997,1.3493,35.985,73.12,2339.03
5/28/2024,5306.04,18028.28,72.17,4.62,4.2003,1.079,1.2623,151.35,12/30/1899,1376.5,32.55,58.39,16260,83.725,4.6875,1.3523,35.65,72.63,2352.78
5/29/2024,5266.95,17799.61,71.04,4.7053,4.3092,1.0743,1.2552,151.65,12/30/1899,1383.75,32.594,58.316,16235,83.7275,4.6715,1.3515,35.605,73.01,2334.04
5/30/2024,5235.48,17524.06,70.87,4.6888,4.3491,1.077,1.2578,151.56,12/30/1899,1386.85,32.514,58.25,16200,83.7238,4.6735,1.3481,35.357,74.84,2372.52
5/31/2024,5277.51,17523.23,70.15,4.6723,4.3472,1.0836,1.2652,151.7,12/30/1899,1386.4,32.569,58.35,16185,83.7475,4.6768,1.3485,35.228,74.56,2344.37
6/3/2024,5283.4,17471.67,71.12,4.6474,4.3094,1.0837,1.2642,151.34,12/30/1899,1381.05,32.577,58.385,16165,83.8438,4.6642,1.3487,35.53,73.69,2383.34
6/4/2024,5291.34,17832.33,70.2,4.7505,4.4016,1.0837,1.2638,151.62,12/30/1899,1380.95,32.63,58.44,16035,83.9575,4.6695,1.3475,35.67,73.44,2382.89
6/5/2024,5354.03,18293.38,71.46,4.7886,4.4198,1.0859,1.2655,151.82,12/30/1899,1383.45,32.623,58.353,15895,83.9525,4.6858,1.3448,35.37,71.39,2361.02
6/6/2024,5352.96,18015.94,71.79,4.7426,4.3616,1.0857,1.2678,151.76,12/30/1899,1383.5,32.618,58.515,15925,83.9637,4.682,1.3538,35.29,70.1,2379.04
6/7/2024,5346.99,17727.98,71.15,4.9731,4.5435,1.0743,1.254,153.16,12/30/1899,1384,32.744,58.646,15955,83.9563,4.6733,1.3531,35.16,70.31,2391.93
6/10/2024,5360.79,17739.41,71.54,4.9609,4.5865,1.0726,1.2553,153.27,12/30/1899,1372.35,32.859,58.365,15833,83.9725,4.672,1.3614,34.94,71.42,2327.3
6/11/2024,5375.32,17778.41,70.91,4.8966,4.5216,1.0643,1.2452,153.23,12/30/1899,1375.35,32.849,58.345,15678,83.9713,4.6613,1.363,34.975,71.67,2322.02
6/12/2024,5421.03,17417.68,71.75,4.9205,4.6014,1.0624,1.2446,154.28,12/30/1899,1383.55,32.84,58.1,15695,83.9487,4.6578,1.365,35.025,73.14,2316.17
6/13/2024,5433.74,17635.88,71.61,4.9871,4.6674,1.0619,1.2426,154.72,12/30/1899,1385.5,32.88,57.895,15690,83.95,4.6363,1.3605,34.45,73.48,2332.46
6/14/2024,5431.6,17469.36,71.7,4.9321,4.5873,1.0673,1.2454,154.39,12/30/1899,1380.2,32.853,57.83,15553,83.87,4.6217,1.3622,34.205,73.92,2337.96
6/17/2024,5473.23,17311.05,72.22,4.9861,4.6326,1.0643,1.2436,154.64,12/30/1899,1383.55,32.843,57.54,15435,83.7925,4.5905,1.3616,34.333,74.1,2335.66
6/18/2024,5487.03,17004.97,72.68,4.9858,4.6207,1.0656,1.237,154.64,12/30/1899,1390.65,32.773,57.333,15485,83.9337,4.5693,1.362,34.347,73.68,2286.25
6/20/2024,5473.17,17021.31,72.59,4.9713,4.6085,1.0655,1.235,154.85,12/30/1899,1388.45,32.834,57.29,15600,83.9512,4.497,1.3614,34.265,74.26,2319.56
6/21/2024,5464.62,17238.34,72.13,4.931,4.6004,1.0701,1.2449,154.83,12/30/1899,1386.1,32.644,57.328,15490,83.9,4.4272,1.362,33.975,75.22,2303.83
6/24/2024,5447.87,17002.91,72.1,4.9269,4.6417,1.0699,1.2464,155.35,12/30/1899,1379.95,32.697,56.975,15430,83.9,4.4748,1.359,34.07,75.55,2301.74
6/25/2024,5469.3,17344.6,71.96,4.9975,4.7039,1.073,1.2514,155.65,12/30/1899,1383.15,32.69,56.955,15495,83.925,4.498,1.3628,33.993,75.04,2323.97
6/26/2024,5477.9,17304.96,71.87,4.9934,4.663,1.0693,1.2493,158.33,12/30/1899,1383.95,32.581,56.925,15425,83.9613,4.473,1.3597,33.935,75.84,2314.1
6/27/2024,5482.87,16945.51,71.86,4.9767,4.6136,1.0721,1.2563,156.35,12/30/1899,1382.85,32.432,57.243,15415,83.8688,4.424,1.3655,33.86,75.46,2308.85
6/28/2024,5460.48,16698.36,71.98,5.0351,4.6798,1.0666,1.2492,157.8,12/30/1899,1384.45,32.468,56.65,15455,83.8712,4.454,1.3608,34.22,75.8,2346.33
7/1/2024,5475.09,16647.34,72.15,4.9602,4.6283,1.0712,1.2527,154.57,12/30/1899,1371.2,32.479,56.555,15525,83.925,4.4472,1.3549,34.232,75.97,2360.5
7/2/2024,5509.01,16877.86,72.55,4.8727,4.5811,1.0725,1.2534,153.64,12/30/1899,1369.65,32.298,56.51,15525,83.9662,4.4202,1.3496,34.23,75.7,2336.32
7/3/2024,5537.02,16891.83,73.56,4.816,4.5077,1.0761,1.2547,153.05,12/30/1899,1361.15,32.287,56.335,15475,83.9725,4.4377,1.3512,33.665,76.91,2358.12
7/5/2024,5567.19,17090.23,73.74,4.8305,4.4874,1.0769,1.2562,153.92,12/30/1899,1368.9,32.283,56.248,15398,83.9825,4.4323,1.3545,33.52,76.86,2385.99
7/8/2024,5572.85,17111.65,73.7,4.8304,4.457,1.0755,1.2509,154.69,12/30/1899,1377.8,32.026,56.293,15365,83.9487,4.3828,1.3555,33.95,77.72,2376.86
7/9/2024,5576.98,17174.06,74.01,4.8365,4.4937,1.0748,1.2498,155.53,12/30/1899,1374.8,31.987,56.138,15455,83.955,4.3815,1.3525,33.748,77.03,2415.22
7/10/2024,5633.91,17113.36,74.49,4.8154,4.4531,1.0782,1.2524,155.48,12/30/1899,1377.4,31.93,56.378,15450,83.9762,4.379,1.3546,33.647,76.68,2425.31
7/11/2024,5584.54,17109.14,75,4.8655,4.4963,1.0771,1.2525,155.78,12/30/1899,1365.1,31.967,56.611,15400,83.9775,4.378,1.3535,33.75,75.74,2421.05
7/12/2024,5615.35,17430.16,75.25,4.8612,4.4865,1.079,1.2559,156.22,12/30/1899,1370.2,31.966,56.587,15430,83.975,4.3748,1.3518,33.333,75.76,2378.85
7/15/2024,5631.22,17569.57,74.34,4.8147,4.4394,1.0819,1.2592,156.42,12/30/1899,1366.4,31.812,56.23,15400,83.8975,4.3488,1.3452,33.23,75.82,2329.27
7/16/2024,5667.2,17511.08,74.7,4.7237,4.34,1.0884,1.2685,154.88,12/30/1899,1360.8,31.933,55.915,15335,83.885,4.348,1.346,33.29,75.71,2333.83
7/17/2024,5588.27,17391.01,73.42,4.7953,4.375,1.0867,1.267,155.39,12/30/1899,1351.75,31.968,56.47,15340,83.76,4.3443,1.345,33.265,75.5,2350.97
7/18/2024,5544.59,17641,72.74,4.8245,4.4198,1.0869,1.2701,155.65,12/30/1899,1334,31.917,56.392,15238,83.6888,4.311,1.3475,33.092,74.57,2361.31
7/19/2024,5505,17612.1,71.97,4.8478,4.4433,1.0857,1.2706,156.26,12/30/1899,1330.75,31.956,55.97,15150,83.575,4.3205,1.3473,33.055,75.34,2338.12
7/22/2024,5564.41,17798.73,72.45,4.8285,4.412,1.0854,1.2709,156.17,12/30/1899,1333.8,32.031,56.185,15200,83.555,4.3575,1.3508,33.01,75.36,2343.07
7/23/2024,5555.74,17874.67,71.78,4.869,4.4218,1.0823,1.2717,156.8,12/30/1899,1343.25,32.076,55.993,15185,83.6725,4.369,1.3518,32.862,73.41,2327.33
7/24/2024,5427.13,17692.45,70.72,4.9353,4.4767,1.0815,1.2699,156.93,12/30/1899,1330,32.199,55.876,15100,83.6037,4.3533,1.3499,32.702,73.52,2350.75
7/25/2024,5399.22,17786.32,70.43,4.9461,4.465,1.0847,1.2737,156.99,12/30/1899,1329.35,32.08,55.695,15166,83.6438,4.338,1.3494,32.555,72.24,2327.01
7/26/2024,5459.1,17989.07,71.23,4.9764,4.55,1.0859,1.2769,156.88,12/30/1899,1331.6,31.938,55.73,15125,83.7,4.3302,1.3487,32.403,72.93,2355.32
7/29/2024,5463.54,17691.97,71.01,4.9726,4.6117,1.0857,1.2762,157.17,12/30/1899,1336.35,32.113,55.596,15140,83.8013,4.3722,1.3522,32.173,73.24,2376.06
7/30/2024,5436.44,17651.49,70.62,4.9248,4.546,1.0801,1.2701,157.64,12/30/1899,1331.55,32.188,55.678,15200,83.8213,4.3422,1.3501,32.585,72.56,2293.78
7/31/2024,5522.3,17457.34,72.27,4.8727,4.4985,1.0832,1.2732,156.82,12/30/1899,1337.8,32.123,55.966,15265,83.9688,4.3298,1.3512,32.763,71.8,2310.88
8/1/2024,5446.68,17444.3,71.05,4.808,4.3884,1.0848,1.2742,157.31,12/30/1899,1338.35,32.144,56.257,15420,83.975,4.335,1.3459,33.095,71.16,2317.01
8/2/2024,5346.56,17196.96,69.99,4.7704,4.3259,1.0904,1.2808,156.08,12/30/1899,1341.9,32.006,55.885,15485,83.9775,4.3012,1.3467,33.037,73.33,2324.98
8/5/2024,5186.33,17234.09,68.09,4.7222,4.2755,1.0879,1.277,154.88,12/30/1899,1335.5,31.899,55.963,15680,83.9637,4.259,1.3488,33.448,72.34,2304.21
8/6/2024,5240.03,17108.71,68.25,4.724,4.287,1.0869,1.2787,156.11,12/30/1899,1334.55,31.96,56.095,15645,83.9637,4.2435,1.3458,33.49,69.74,2333.04
8/7/2024,5199.5,17240.39,68.76,4.8868,4.4335,1.089,1.2791,155.61,12/30/1899,1335,31.941,56.045,15620,83.9775,4.2065,1.3522,33.427,69.68,2319.14
8/8/2024,5319.31,17369.09,70.35,4.8804,4.467,1.0801,1.2719,156.75,12/30/1899,1342,31.978,56.16,15665,84.0712,4.2037,1.3526,33.59,69.51,2329.46
8/9/2024,5344.16,17422.12,70.63,4.834,4.404,1.0765,1.2731,157.04,12/30/1899,1344,32.047,56.172,15580,84.0575,4.203,1.353,33.342,70.81,2328.16
8/12/2024,5344.39,17660.02,70.96,4.7518,4.316,1.0741,1.274,157.13,12/30/1899,1340.3,31.973,56.39,15560,84.0375,4.1578,1.3472,33.36,71.66,2360.09
8/13/2024,5434.43,18013.16,71.69,4.6969,4.2442,1.0809,1.2798,156.72,12/30/1899,1342,31.844,56.285,15580,83.9987,4.1293,1.3511,33.198,72.13,2321.98
8/14/2024,5455.21,18258.57,71.17,4.7044,4.2209,1.0737,1.2762,157.03,12/30/1899,1333.55,31.858,56.805,15513,84.07,4.1458,1.3532,33.217,74.11,2334.65
8/15/2024,5543.22,18247.11,71.95,4.7655,4.2809,1.0703,1.2687,157.4,12/30/1899,1329.05,31.675,56.915,15495,84.0737,4.1255,1.352,33.162,72.91,2319.62
8/16/2024,5554.25,19000.56,72.89,4.712,4.2227,1.0734,1.2705,157.74,12/30/1899,1335.2,31.66,57.023,15465,84.0663,4.1235,1.3509,33.42,72.4,2298.23
8/19/2024,5608.25,19129.1,73.62,4.712,4.2227,1.074,1.2709,157.86,12/30/1899,1335.25,31.847,57.355,15495,84.0762,4.157,1.3507,33.502,73.26,2327.73
8/20/2024,5597.12,19924.58,72.94,4.7372,4.2594,1.0744,1.272,158.09,12/30/1899,1331.3,31.976,57.211,15560,84.0825,4.176,1.3544,33.667,72.05,2326.75
8/21/2024,5620.85,20632.3,73.3,4.7322,4.2554,1.0702,1.2657,158.93,12/30/1899,1335.5,32.138,57.473,15620,84.0762,4.2218,1.3549,33.787,70.83,2331.9
8/22/2024,5570.64,21133.68,72.46,4.7234,4.2321,1.0693,1.2645,159.8,12/30/1899,1317.35,32.24,57.845,15584,84.0813,4.2197,1.3528,33.855,70.18,2329.46
8/23/2024,5634.61,22443.73,73.65,4.7424,4.2476,1.0733,1.2686,159.62,12/30/1899,1310.55,32.2,57.75,15640,84.0762,4.2845,1.3546,33.76,69.27,2356.2
8/26/2024,5616.84,22113.51,72.96,4.7472,4.3294,1.0714,1.2686,159.7,12/30/1899,1314.7,32.193,57.83,15725,84.0788,4.2873,1.358,33.708,69.99,2356.69
8/27/2024,5625.8,22736.87,73.18,4.712,4.2864,1.0681,1.2622,160.81,12/30/1899,1322.95,32.172,57.525,15760,84.0863,4.2815,1.3585,33.738,71.39,2392.16
8/28/2024,5592.18,23099.78,72.61,4.7535,4.3961,1.0704,1.2639,160.76,12/30/1899,1348.2,32.184,57.565,15700,84.0837,4.2925,1.356,33.903,72.84,2359.13
8/29/2024,5591.96,20926.79,72.78,4.7556,4.4613,1.0713,1.2645,160.88,12/30/1899,1344.25,32.185,57.86,15697,84.1138,4.2887,1.3576,33.713,71.57,2364.09
8/30/2024,5648.4,20637.24,73.01,4.7412,4.4316,1.074,1.265,161.46,12/30/1899,1346.3,32.163,58.333,15720,84.1087,4.297,1.356,33.603,70.62,2371.26
9/3/2024,5528.93,21251.98,71.51,4.7059,4.3587,1.0745,1.2685,161.44,12/30/1899,1354,32.076,58.239,15753,84.28,4.31,1.3538,34.167,71.63,2415.48
9/4/2024,5520.07,21092.87,71.42,4.7059,4.3587,1.0786,1.2742,161.69,12/30/1899,1350.95,31.975,58.269,15735,84.3763,4.297,1.3519,34.3,70.15,2411.43
9/5/2024,5503.41,20318.79,71.53,4.6035,4.2784,1.0812,1.276,161.28,12/30/1899,1357.8,32.064,58.236,15830,84.375,4.309,1.3486,34.018,67.65,2422.27
9/6/2024,5408.42,20286.85,70.22,4.6285,4.2783,1.084,1.2815,160.75,12/30/1899,1364.8,32.087,58.115,15735,84.3875,4.306,1.35,34.37,66.92,2469.08
9/9/2024,5471.05,20079.1,71.04,4.6264,4.2959,1.0824,1.2807,160.83,12/30/1899,1364.55,32.093,58.345,15670,84.3938,4.3073,1.3509,34.8,67.24,2458.79
9/10/2024,5495.52,20804.11,70.75,4.62,4.2841,1.0813,1.2786,161.33,12/30/1899,1372.5,32.076,58.327,15680,84.3838,4.328,1.3489,34.675,65.89,2445.08
9/11/2024,5554.13,20478.46,71.38,4.513,4.2101,1.083,1.2849,161.69,12/30/1899,1368.8,32.097,58.668,15780,84.405,4.3512,1.3428,35.097,66.29,2400.83
9/12/2024,5595.76,20498.95,71.98,4.4514,4.1829,1.0868,1.2915,158.84,12/30/1899,1378.2,32.104,58.735,15775,84.395,4.3482,1.3409,34.823,64.01,2396.59
9/13/2024,5626.02,20760.15,72.18,4.4575,4.2294,1.0907,1.2988,157.83,12/30/1899,1377.3,32.029,58.273,15855,84.4137,4.3427,1.3438,34.798,65.26,2409.64
9/16/2024,5633.09,20489.62,72.42,4.4172,4.1576,1.0894,1.2968,158.06,12/30/1899,1382.3,31.964,58.608,15855,84.5013,4.3622,1.3442,34.6,66.55,2397.7
9/17/2024,5634.58,20590.15,72.49,4.4379,4.1576,1.0899,1.2974,158.35,12/30/1899,1380.55,31.97,58.83,15850,84.455,4.3785,1.3405,34.717,66.02,2364.56
9/18/2024,5618.26,20599.36,72.26,4.4714,4.2021,1.0939,1.3009,156.2,12/30/1899,1390.1,31.974,58.747,15830,84.2862,4.378,1.344,34.638,67.14,2387.19
9/19/2024,5713.64,20701.14,73.92,4.5109,4.2389,1.0897,1.2944,157.37,12/30/1899,1384.15,32.187,58.785,15865,84.3363,4.3807,1.3453,34.575,67.91,2384.19
9/20/2024,5702.55,20380.64,74,4.517,4.2525,1.0882,1.2914,157.48,12/30/1899,1386,32.25,58.743,15925,84.4525,4.374,1.346,34.643,67.8,2410.78
9/23/2024,5718.57,20317.33,74.69,4.4913,4.2506,1.0891,1.2933,157.04,12/30/1899,1379.6,32.123,58.683,15875,84.4962,4.346,1.3456,34.702,68.65,2447.6
9/24/2024,5732.93,20506.43,77.46,4.4307,4.2838,1.0854,1.2908,155.59,12/30/1899,1376.95,32.275,58.816,15870,84.4925,4.4035,1.3434,34.585,68.49,2446.26
9/25/2024,5722.26,20567.52,76.47,4.4307,4.2407,1.084,1.2907,153.89,12/30/1899,1378.55,32.435,58.917,15930,84.7038,4.4043,1.3434,34.44,68.19,2443.24
9/26/2024,5745.37,21006.97,79.63,4.3832,4.1939,1.0846,1.2851,153.94,12/30/1899,1375.95,32.455,58.997,15870,84.695,4.3825,1.3426,34.302,69.3,2410.79
9/27/2024,5738.17,20538.38,79.71,4.3997,4.1744,1.0856,1.2867,153.76,12/30/1899,1380.05,32.559,58.915,15845,84.735,4.4105,1.3434,34.49,68.05,2390.82
9/30/2024,5762.48,20953.34,78.45,4.3585,4.1394,1.0821,1.2862,154.02,12/30/1899,1400.75,32.473,58.99,15900,84.735,4.4383,1.3422,34.388,66.46,2382.92
10/1/2024,5708.75,20728.19,79.39,4.2575,4.0296,1.0815,1.2836,152.77,12/30/1899,1386.3,32.54,58.998,15940,84.6975,4.4473,1.336,34.34,66.8,2427.53
10/2/2024,5709.54,20426.93,81.24,4.1482,3.976,1.0826,1.2856,149.98,12/30/1899,1395.9,32.413,58.715,15930,84.7312,4.4855,1.3367,34.073,67.02,2431.32
10/3/2024,5699.94,19846.88,80.09,3.8798,3.7904,1.0791,1.2739,149.36,12/30/1899,1401.4,32.499,58.685,15860,84.8525,4.4748,1.3268,33.813,68.34,2472.9
10/4/2024,5751.07,19823.45,81.05,3.9201,3.7884,1.0911,1.2801,146.53,12/30/1899,1408.15,32.55,58.635,15850,84.84,4.4792,1.3252,33.893,68.54,2465.16
10/7/2024,5695.94,19435.81,82.16,3.9751,3.8919,1.0952,1.2776,144.18,12/30/1899,1404,32.599,58.668,15865,84.8675,4.4727,1.3254,33.838,71.5,2447.85
10/8/2024,5751.13,19426.34,79.26,3.9621,3.9431,1.0931,1.2691,144.34,12/30/1899,1401.6,32.477,58.58,15865,84.7962,4.4713,1.3277,34.127,71.43,2456.79
10/9/2024,5792.04,19576.61,78.91,4.038,3.9877,1.0922,1.2692,146.68,12/30/1899,1398.45,32.522,58.257,15915,84.8712,4.4668,1.3256,34.073,74.09,2508.01
10/10/2024,5780.05,19663.67,78.97,4.0531,3.9398,1.0919,1.2748,147.23,12/30/1899,1396.4,32.542,57.885,15925,84.9025,4.47,1.3239,34.268,71.37,2504.28
10/11/2024,5815.03,19705.01,79.57,4.0173,3.9035,1.0917,1.2761,146.61,12/30/1899,1392.8,32.533,57.747,15995,84.955,4.4515,1.3243,34.252,70.73,2513.99
10/14/2024,5859.85,19601.11,79.11,3.9294,3.8428,1.0931,1.277,147.21,12/30/1899,1400.45,32.474,58.018,16000,85.0775,4.4578,1.3176,34.54,72.83,2512.56
10/15/2024,5815.26,19229.97,77.16,3.9558,3.8352,1.0993,1.2862,146.84,12/30/1899,1398.6,32.61,58.015,16065,85.0212,4.4438,1.3162,34.47,72.74,2484.75
10/16/2024,5842.47,19150.99,77.92,4.0929,3.9131,1.1012,1.2829,147.33,12/30/1899,1406,32.542,58.298,16090,85.1175,4.4453,1.3224,34.213,71.55,2512.59
10/17/2024,5841.47,19159.2,77.68,4.0497,3.8826,1.0972,1.2855,149.28,12/30/1899,1399.9,32.434,58.245,16290,85.2,4.4475,1.3159,34.153,68.64,2518.03
10/18/2024,5864.67,19603.13,78.61,4.066,3.8711,1.1027,1.2944,147.63,12/30/1899,1396.7,32.444,58.465,16195,85.265,4.4595,1.3082,34.215,68.36,2524.64
10/21/2024,5853.98,19366.96,77.93,3.9836,3.8067,1.1085,1.2991,146.59,12/30/1899,1391.5,32.396,58.685,16175,85.54,4.4695,1.3052,34.268,68.61,2504.61
10/22/2024,5851.2,19423.61,77.82,3.9305,3.801,1.113,1.3034,145.26,12/30/1899,1394.55,32.48,58.886,16195,85.5387,4.453,1.3058,34.107,67.44,2521.4
10/23/2024,5797.42,19550.29,77.42,4.0035,3.8521,1.115,1.3091,145.21,12/30/1899,1397.2,32.45,58.995,16235,85.6087,4.4272,1.3105,34.095,68.58,2503.39
10/24/2024,5809.86,19746.32,77.15,3.9153,3.799,1.1112,1.3091,146.29,12/30/1899,1404.15,32.518,58.997,16135,85.6488,4.4177,1.3012,34.28,70.16,2499.51
10/25/2024,5808.12,19742.46,77.2,3.9358,3.816,1.1192,1.3214,144.37,12/30/1899,1428.5,32.496,58.8,16102,85.755,4.4265,1.3041,34.458,69.3,2492.91
10/28/2024,5823.52,19560.44,77.4,3.8992,3.8216,1.1161,1.3188,144.53,12/30/1899,1413.5,32.514,58.455,16195,85.7813,4.427,1.3011,34.623,68.89,2495.72
10/29/2024,5832.92,19865.85,77.18,3.865,3.8349,1.1184,1.3261,143.96,12/30/1899,1416.6,32.495,57.972,16190,85.825,4.433,1.3035,34.478,70.27,2516.76
10/30/2024,5813.67,20414.09,76.29,3.8939,3.8615,1.112,1.3191,144.59,12/30/1899,1423.4,32.523,57.843,16195,85.7225,4.4383,1.3031,34.618,66.2,2497.41
10/31/2024,5705.45,20311.28,75.94,3.9165,3.9034,1.1077,1.3168,144.99,12/30/1899,1430.95,32.492,57.905,16131,85.855,4.4495,1.3067,34.627,66.02,2506.38
11/1/2024,5728.8,20155.05,76.3,3.9165,3.9034,1.1048,1.3127,146.17,12/30/1899,1431.75,32.679,58.196,16195,85.8638,4.4493,1.3069,34.58,67.27,2516.73
11/4/2024,5712.69,20397.05,76.56,3.8631,3.831,1.1072,1.3146,146.92,12/30/1899,1429.85,32.701,58.285,16200,85.9738,4.4672,1.3071,34.792,67.86,2511.76
11/5/2024,5782.76,19971.24,77.79,3.7539,3.7552,1.1043,1.3114,145.48,12/30/1899,1431,32.699,58.158,16185,86.5813,4.47,1.3038,34.763,68.2,2557.9
11/6/2024,5929.04,19795.49,76.52,3.7435,3.7269,1.1082,1.3147,143.74,12/30/1899,1435.45,32.68,58.398,16275,86.6463,4.5057,1.3001,34.728,69.88,2577.7
11/7/2024,5973.1,19700.48,78.61,3.6462,3.708,1.1111,1.318,143.45,12/30/1899,1436.85,32.686,58.495,16265,86.3625,4.506,1.3027,34.6,70.3,2582.45
11/8/2024,5995.54,19864.55,76.52,3.6688,3.7004,1.1084,1.3129,142.3,12/30/1899,1437.25,32.701,58.356,16320,86.55,4.4903,1.3058,34.46,70.02,2569.5
11/11/2024,6001.35,19752.51,75.93,3.5941,3.6423,1.1035,1.3074,143.18,12/30/1899,1438.95,32.729,58.723,16360,86.6125,4.4865,1.3046,34.298,70.74,2558.91
11/12/2024,5983.99,19720.7,74.34,3.6415,3.6534,1.102,1.308,142.44,12/30/1899,1447.15,32.726,58.625,16365,86.5687,4.4688,1.3041,34.1,69.29,2586.74
11/13/2024,5985.38,19883.13,73.85,3.6392,3.674,1.1012,1.3043,142.36,12/30/1899,1447.15,32.79,58.608,16360,86.5863,4.4707,1.3013,33.82,67.41,2621.88
11/14/2024,5949.17,20098.29,73.48,3.5824,3.6513,1.1074,1.3124,141.82,12/30/1899,1451.65,32.887,58.599,16335,86.3337,4.4665,1.2976,34.015,67.36,2628.72
11/15/2024,5870.62,20090.46,73.44,3.5509,3.6176,1.1075,1.3124,140.85,12/30/1899,1458.05,32.924,58.615,16285,86.4662,4.4722,1.2953,33.647,67.53,2657.1
11/18/2024,5893.62,20041.42,74.32,3.6048,3.6456,1.1133,1.3216,140.62,12/30/1899,1470.55,32.871,58.52,16280,86.205,4.4783,1.297,33.695,67.72,2656.89
11/19/2024,5916.98,20059.95,74.38,3.6172,3.7038,1.1114,1.3161,142.41,12/30/1899,1470.9,32.731,58.49,16173,86.3387,4.5002,1.2952,33.91,66.33,2672.38
11/20/2024,5917.11,19623.32,74.3,3.5813,3.7131,1.1119,1.3214,142.29,12/30/1899,1471.95,32.89,58.51,16260,86.5313,4.5107,1.2917,33.765,68.5,2658.24
11/21/2024,5948.71,19760.27,74.12,3.591,3.7413,1.1162,1.3284,142.63,12/30/1899,1471.35,32.95,58.701,16300,86.555,4.4873,1.2905,33.728,68.56,2634.58
11/22/2024,5969.34,19688.29,74,3.5866,3.7489,1.1162,1.3321,143.85,12/30/1899,1470.85,32.976,58.335,16435,86.625,4.503,1.2905,33.673,68.09,2663.23
11/25/2024,5987.37,19447.58,74.11,3.5379,3.728,1.1111,1.3347,143.61,12/30/1899,1460.55,33.127,58.444,16345,86.6162,4.5027,1.2835,34.03,69.08,2658.69
11/26/2024,6021.63,19279.84,73.63,3.5592,3.7849,1.118,1.3413,143.23,12/30/1899,1451.75,32.985,58.43,16285,87.195,4.4975,1.2899,33.83,69.95,2655.89
11/27/2024,5998.74,19240.89,74.01,3.6287,3.7963,1.1133,1.3324,144.75,12/30/1899,1460.55,33.069,58.308,16330,87.0762,4.5105,1.2832,33.585,67.99,2653.6
11/29/2024,6032.38,19064.29,74.2,3.5592,3.7506,1.1177,1.3415,144.81,12/30/1899,1459.75,32.937,58.372,16275,87.46,4.5078,1.281,33.783,67.9,2642.59
12/2/2024,6047.15,18874.14,74.51,3.6411,3.7809,1.1162,1.3374,142.21,12/30/1899,1471.3,32.93,58.66,16345,87.5788,4.4988,1.285,33.647,67.71,2621.83
12/3/2024,6049.88,19219.78,74.72,3.6043,3.7315,1.1135,1.3375,143.63,12/30/1899,1467.9,32.804,58.345,16375,87.4275,4.503,1.2881,33.895,67.17,2607.77
12/4/2024,6086.49,19286.07,74.85,3.6414,3.7809,1.1068,1.3286,143.57,12/30/1899,1461.25,32.776,58.099,16367,87.48,4.5065,1.2919,34.063,67.28,2629.74
12/5/2024,6075.11,19522.89,75.24,3.7053,3.8458,1.1045,1.3268,146.47,12/30/1899,1455.75,32.784,58.188,16355,86.83,4.4932,1.2974,33.823,68.82,2656.59
12/6/2024,6090.27,19584.06,75.1,3.9217,3.9672,1.1031,1.3124,146.93,12/30/1899,1458.25,32.772,58.014,16260,86.8887,4.476,1.3045,33.62,67.57,2648.54
12/9/2024,6052.85,19925.81,76.86,3.9952,4.0256,1.0974,1.3122,148.7,12/30/1899,1457.35,32.687,58.101,16215,86.8963,4.4358,1.304,33.713,67.37,2662.58
12/10/2024,6034.91,20106.55,75.36,3.9582,4.0119,1.0976,1.3083,148.18,12/30/1899,1440.25,32.978,58.198,16275,86.8325,4.444,1.304,33.693,66.62,2673.83
12/11/2024,6084.19,19778.77,75.56,4.0215,4.0726,1.098,1.3104,148.2,12/30/1899,1435.7,32.997,58.192,16330,86.8788,4.3775,1.3071,33.693,67.64,2692.71
12/12/2024,6051.25,19700.56,75.27,3.9573,4.0608,1.0939,1.3071,149.31,12/30/1899,1435.95,32.844,58.056,16330,86.9487,4.38,1.3056,33.658,67.78,2721.46
12/13/2024,6051.09,20066.19,75.37,3.9554,4.1003,1.0934,1.3059,148.57,12/30/1899,1435.25,32.833,57.838,16305,86.6663,4.3945,1.3048,33.612,69.05,2719.85
12/16/2024,6074.08,20197.77,74.99,3.9554,4.1003,1.0937,1.3067,149.13,12/30/1899,1430.5,32.761,58.024,16275,86.7125,4.4602,1.3085,33.507,68.98,2749.01
12/17/2024,6050.61,20225.11,73.73,3.9454,4.0317,1.0909,1.3059,149.76,12/30/1899,1454.3,32.852,58.158,16345,86.7063,4.4735,1.3093,33.708,69.87,2715.55
12/18/2024,5872.16,20217.26,72.15,3.9376,4.0122,1.0893,1.3074,149.2,12/30/1899,1462.4,32.848,58.09,16370,87.2025,4.444,1.3134,33.708,69.34,2736.17
12/19/2024,5867.08,20789.96,72.48,3.9719,4.0906,1.0862,1.299,149.64,12/30/1899,1450.75,32.869,57.925,16450,87.1975,4.423,1.3143,33.915,68.76,2747.56
12/20/2024,5930.85,20597.09,72.62,3.9483,4.0828,1.0831,1.3011,150.21,12/30/1899,1444,32.818,57.948,16580,87.5125,4.4355,1.3101,34.173,68.93,2742.46
12/23/2024,5974.07,20891.62,73.25,4.0317,4.1956,1.0867,1.3052,149.53,12/30/1899,1447.25,32.783,57.82,16480,87.36,4.4397,1.3163,34.173,68.31,2774.74
12/24/2024,6040.04,21133.54,73.55,4.0324,4.2076,1.0815,1.2985,150.84,12/30/1899,1448.75,32.714,57.938,16445,87.27,4.4703,1.3163,33.84,68.37,2787.61
12/26/2024,6037.59,21521.98,73.3,4.0779,4.2456,1.0799,1.2984,151.08,12/30/1899,1451.7,32.772,57.89,16313,86.9675,4.4692,1.323,33.647,68.2,2743.97
12/27/2024,5970.84,21294.86,72.99,4.0787,4.2118,1.0782,1.2921,152.76,12/30/1899,1452.7,32.76,57.904,16330,87.1175,4.4555,1.3181,33.745,68.97,2736.53
12/30/2024,5906.94,21857.92,72.33,4.1046,4.2399,1.0828,1.2975,151.83,12/30/1899,1455.25,32.799,57.99,16295,86.8812,4.4358,1.3213,33.647,68.63,2736.78
12/31/2024,5881.63,21814.37,72.18,4.1377,4.2821,1.0796,1.2962,152.31,12/30/1899,1448.45,32.76,57.905,16340,87.3325,4.4338,1.3227,33.79,69.47,2743.99
1/2/2025,5868.55,22620.33,71.89,4.0962,4.2541,1.0812,1.2972,153.29,12/30/1899,1441.05,32.724,57.763,16405,87.2125,4.4455,1.3241,33.805,69.82,2659.06
1/3/2025,5942.47,22616.23,72.73,4.1826,4.3004,1.0819,1.3015,153.36,12/30/1899,1442.6,32.807,57.348,16445,87.2125,4.4433,1.3223,33.855,70.5,2706.71
1/6/2025,5975.38,22976.81,72.83,4.1702,4.2844,1.0856,1.2962,153.42,12/30/1899,1440.65,32.802,57.33,16425,87.0075,4.4295,1.3198,33.768,71.6,2684.77
1/7/2025,5909.03,22944.24,72.17,4.2054,4.3836,1.0884,1.2899,152.03,12/30/1899,1441.95,32.827,57.191,16350,86.7988,4.4183,1.3261,33.67,72.19,2618.82
1/8/2025,5918.25,22576.98,71.71,4.1599,4.2847,1.0834,1.2924,153.01,12/30/1899,1435.7,32.932,57.4,16400,86.5663,4.4113,1.3197,33.615,71.99,2598.39
1/10/2025,5827.04,23477.92,70.22,4.1765,4.2708,1.0878,1.2957,152.13,12/30/1899,1434.05,32.922,57.235,16425,86.4413,4.4242,1.3144,33.577,72.56,2572.98
1/13/2025,5836.22,23341.61,69.59,4.2617,4.4315,1.093,1.3042,151.62,12/30/1899,1430.15,32.827,57.374,16525,86.3675,4.4288,1.3329,33.638,71.76,2564.85
1/14/2025,5842.91,23034.02,70.48,4.1994,4.3257,1.0729,1.2879,154.63,12/30/1899,1433.95,32.866,57.363,16475,85.9725,4.441,1.3201,33.698,72.26,2563.25
1/15/2025,5949.91,23787.93,71.18,4.2539,4.3043,1.0805,1.2987,152.94,12/30/1899,1433.4,32.84,57.258,16500,85.6375,4.4625,1.3255,33.865,74.33,2611.83
1/16/2025,5937.34,23718.29,71.28,4.2539,4.3043,1.0718,1.2921,152.64,12/30/1899,1446.75,32.926,57.305,16555,85.7375,4.465,1.3339,33.862,74.77,2632.08
1/17/2025,5996.66,22941.32,71.92,4.3401,4.4275,1.0655,1.2868,153.72,12/30/1899,1460.25,32.889,57.308,16595,,4.4653,1.3382,33.963,74.32,2650.6
1/21/2025,6049.24,23006.27,72.55,4.2857,4.4512,1.0623,1.2748,154.61,12/30/1899,1458.95,32.967,57.305,,,4.4295,1.3428,,76.02,2669.72
1/22/2025,6086.37,22941.77,72.49,4.3448,4.4354,1.0564,1.2708,155.46,12/30/1899,1445.5,32.973,57.228,,,4.4255,1.3462,,75.26,2716.19
1/23/2025,6118.71,23594.21,72.68,4.3033,4.4394,1.053,1.2666,156.27,12/30/1899,1447.55,32.965,57.33,,,4.412,1.342,,75.05,2625.01
1/24/2025,6101.24,24369.71,73.07,4.2802,4.4138,1.054,1.2618,154.3,12/30/1899,1449.45,33.016,57.321,,,4.424,1.3387,,74.16,2633.15
1/27/2025,6012.28,24231.3,71.6,4.2803,4.3962,1.0598,1.2678,154.66,12/30/1899,1455.1,33.002,57.6,,,4.4145,1.338,,73.98,2636.02
1/28/2025,6067.7,23783.49,72.21,4.3144,4.41,1.0596,1.2682,154.66,12/30/1899,1454.15,33.05,,,,4.428,1.343,,73.44,2637.92
1/29/2025,6039.31,23782.14,72.23,4.3487,4.4218,1.0544,1.2652,155.44,12/30/1899,1451.65,33.016,,,,4.4365,1.3464,,73.31,2643.15
1/30/2025,6071.17,23600.31,73.38,4.373,4.4002,1.0474,1.2589,154.54,12/30/1899,1455.35,33.004,,,,4.4462,1.3467,,71.87,2639.13
1/31/2025,6040.53,23462.65,72.66,4.2685,4.2731,1.0418,1.253,154.78,12/30/1899,1453.35,33.043,,,,4.4455,1.3459,,72.14,2643.49
2/3/2025,5994.57,23959.98,72,4.2561,4.3062,1.0495,1.2568,154.23,12/30/1899,1444.55,33.091,,,,4.436,1.3467,,71.32,2649.9
2/4/2025,6037.88,24145.57,73.35,4.2272,4.2634,1.0489,1.2569,153.08,12/30/1899,1451.45,,,,,4.4253,1.3404,,71.61,2631.67
2/5/2025,6061.48,24740.57,73.1,4.2272,4.2634,1.0566,1.268,151.09,12/30/1899,1463.5,,,,,4.4205,1.3431,,71.38,2633.37
2/6/2025,6083.57,24771.14,73.25,4.1509,4.1685,1.0552,1.2687,151.55,12/30/1899,1467.75,,,,,4.4355,1.3395,,71.64,2660.3
2/7/2025,6025.99,24219.95,73.3,4.1796,4.1897,1.0577,1.2735,149.77,12/30/1899,1465.75,,,,,4.438,1.3449,,71.87,2694.25
2/10/2025,6066.44,23689.72,74.2,4.1795,4.2245,1.0498,1.2655,149.6,12/30/1899,1469.15,,,,,,1.3449,,70.34,2718.23
2/11/2025,6068.5,23905.56,73.74,4.1256,4.18,1.0509,1.2673,149.6,12/30/1899,1468.8,,,,,,1.3439,,70.07,2680.73
2/12/2025,6051.97,23344.25,74.34,4.144,4.1761,1.0511,1.2701,150.59,12/30/1899,,,,,,,1.3389,,70.42,2648.23
2/13/2025,6115.07,,74.75,4.1039,4.1529,1.0586,1.2759,150.1,12/30/1899,,,,,,,1.3427,,71.65,2652.72
2/14/2025,6114.63,,75.3,4.1245,4.2012,1.0568,1.2744,150,12/30/1899,,,,,,,1.3404,,72.76,2646.83
2/18/2025,6129.58,,75.93,4.143,4.2263,1.0554,1.275,151.21,12/30/1899,,,,,,,1.3419,,71.02,2585.35
2/19/2025,6144.15,,75.9,4.1532,4.2711,1.0527,1.2771,151.95,12/30/1899,,,,,,,1.3447,,70.88,2594.01
2/20/2025,6117.52,,76.51,4.1906,4.3278,1.0496,1.2751,152.45,12/30/1899,,,,,,,1.3469,,70.56,2622.91
2/21/2025,6013.13,,76.56,4.2448,4.3967,1.0468,1.2673,152.63,12/30/1899,,,,,,,1.3488,,71.58,2612.56
2/24/2025,5983.25,,75.2,4.249,4.3967,1.0501,1.2619,153.65,12/30/1899,,,,,,,1.3498,,71.85,2616.87
2/25/2025,5955.25,,75.23,4.2447,4.3987,1.0512,1.2683,154.15,12/30/1899,,,,,,,1.35,,72.29,2633.58
2/26/2025,5956.06,,76.2,4.3545,4.514,1.0491,1.271,153.46,12/30/1899,,,,,,,1.3631,,70.22,2621.4
2/27/2025,5861.57,,74.62,4.3165,4.5621,1.0353,1.2574,154.8,12/30/1899,,,,,,,1.3613,,70.45,2606.5
2/28/2025,5954.5,,73.67,4.3102,4.5222,1.0363,1.2502,157.44,12/30/1899,,,,,,,1.3559,,68.69,2624.5
3/3/2025,5849.72,,72.83,4.3401,4.5865,1.043,1.257,156.31,12/30/1899,,,,,,,1.3574,,68.3,2657.9
3/4/2025,5778.15,,73.67,4.3324,4.5887,1.0405,1.2536,157.17,12/30/1899,,,,,,,1.3599,,69.95,2640.22
3/5/2025,5842.63,,76.03,4.3324,4.5887,1.0399,1.2539,157.19,12/30/1899,,,,,,,1.359,,69.34,2636.47
3/6/2025,5738.52,,75.63,4.3283,4.5827,1.0407,1.2561,157.33,12/30/1899,,,,,,,1.359,,68.06,2648.59
3/7/2025,5770.2,,75.86,4.3262,4.6253,1.0422,1.2525,157.99,12/30/1899,,,,,,,1.3585,,67.7,2661.94
3/10/2025,5614.56,,73.95,4.2418,4.5327,1.0426,1.2578,157.87,12/30/1899,,,,,,,1.36,,65.91,2667.25
3/11/2025,5572.07,,74.61,4.2416,4.569,1.0407,1.255,156.84,12/30/1899,,,,,,,1.3657,,66,2689.76
3/12/2025,5599.3,,75.07,4.2416,4.569,1.0354,1.2516,157.2,12/30/1899,,,,,,,1.366,,66.75,2663.16
3/13/2025,5521.52,,74.59,4.2395,4.559,1.0356,1.2517,157.24,12/30/1899,,,,,,,1.3705,,65.68,2677.46
3/14/2025,5638.94,,75.86,4.2787,4.5975,1.0265,1.238,157.5,12/30/1899,,,,,,,1.3702,,65.93,2696.32
3/17/2025,5675.12,,77.09,4.2745,4.63,1.0308,1.2423,157.26,12/30/1899,,,,,,,1.3634,,67.38,2714.31
3/18/2025,5614.66,,76.71,4.2911,4.685,1.039,1.252,157.62,12/30/1899,,,,,,,1.3642,,66.27,2703.25
3/19/2025,5675.29,,76.92,4.2828,4.6892,1.034,1.2477,158.05,12/30/1899,,,,,,,1.3679,,66.91,2708.21
3/20/2025,5662.89,,76.08,4.264,4.6893,1.0318,1.2363,158.35,12/30/1899,,,,,,,1.3683,,67.37,2744.81
3/21/2025,5667.56,,75.77,4.3792,4.7592,1.03,1.2308,158.14,12/30/1899,,,,,,,1.3715,,66.75,2756.48
3/24/2025,5767.57,,76.06,4.3793,4.7779,1.0244,1.2207,157.73,12/30/1899,,,,,,,1.3696,,66.91,2754.87
,,,,4.3668,4.7924,1.0245,1.2202,157.48,12/30/1899,0.6177,,,,,,1.3666,,68.07,2770.58
,,,,4.2638,4.6531,1.0308,1.2215,157.96,12/30/1899,0.6195,,,,,,1.3671,,68.28,2740.81
,,,,4.23,4.6125,1.0289,1.2242,156.47,12/30/1899,0.6227,,,,,,1.367,,69.11,2763.51
,,,,4.2826,4.627,1.0301,1.2239,155.16,12/30/1899,0.6213,,,,,,1.3684,,69.46,2759.36
,,,,4.2826,4.627,1.0273,1.2169,156.3,12/30/1899,0.6193,,,,,,1.3564,,,2794.59
,,,,4.2741,4.5764,1.0416,1.2328,155.62,12/30/1899,0.6275,,,,,,1.3528,,,2798.41
,,,,4.2975,4.6109,1.0428,1.235,155.52,12/30/1899,0.6274,,,,,,1.3555,,,2815.21
,,,,4.289,4.6436,1.0409,1.2316,156.53,12/30/1899,0.6274,,,,,,1.355,,,2842.71
,,,,4.2655,4.6214,1.0415,1.2353,156.05,12/30/1899,0.6285,,,,,,1.3462,,,2867.24
,,,,4.195,4.5343,1.0497,1.2484,156,12/30/1899,0.6314,,,,,,1.3445,,,2856.28
,,,,4.1949,4.5323,1.0492,1.2499,154.51,12/30/1899,0.6293,,,,,,1.351,,,2861.07
,,,,4.2135,4.5284,1.043,1.2443,155.54,12/30/1899,0.6253,,,,,,1.3494,,,2908.26
,,,,4.2073,4.5163,1.0421,1.2452,155.22,12/30/1899,0.6231,,,,,,1.3527,,,2897.91
,,,,4.1971,4.5387,1.0391,1.2419,154.29,12/30/1899,0.6209,,,,,,1.3568,,,2904.04
,,,,4.2489,4.555,1.0362,1.2395,155.19,12/30/1899,0.6218,,,,,,1.3611,,,2928.21
,,,,4.2137,4.5105,1.0344,1.245,154.73,12/30/1899,0.6227,,,,,,1.353,,,2882.53
,,,,4.1868,4.4181,1.0379,1.248,154.34,12/30/1899,0.6254,,,,,,1.3484,,,2896.56
,,,,4.2118,4.4342,1.0403,1.2505,152.61,12/30/1899,0.6285,,,,,,1.3506,,,2936.02
,,,,4.2892,4.4947,1.0383,1.2435,151.41,12/30/1899,0.6283,,,,,,1.354,,,2933.39
,,,,4.2747,4.4968,1.0328,1.2402,151.41,12/30/1899,0.6274,,,,,,1.3553,,,2938.98
,,,,4.2833,4.5352,1.0307,1.2368,152,12/30/1899,0.6277,,,,,,1.3531,,,2936.05
,,,,4.3548,4.6208,1.0361,1.2446,152.49,12/30/1899,0.6295,,,,,,1.3538,,,2951.73
,,,,4.3067,4.5288,1.0383,1.2446,154.42,12/30/1899,0.628,,,,,,1.3436,,,2914.98
,,,,4.2589,4.4762,1.0465,1.2566,152.8,12/30/1899,0.6317,,,,,,1.3394,,,2916.39
,,,,4.2589,4.4762,1.0492,1.2586,152.31,12/30/1899,0.6352,,,,,,1.3416,,,2877.52
,,,,4.3056,4.5503,1.0484,1.2625,151.51,12/30/1899,0.6356,,,,,,1.3423,,,2857.83
,,,,4.2676,4.5327,1.0446,1.2613,152.06,12/30/1899,0.6353,,,,,,1.3429,,,2892.73
,,,,4.2699,4.5053,1.0423,1.2586,151.47,12/30/1899,0.6344,,,,,,1.3335,,,2917.89
,,,,4.198,4.4313,1.0501,1.2669,149.64,12/30/1899,0.64,,,,,,1.3366,,,2919.39
,,,,4.1747,4.4003,1.0458,1.2632,149.27,12/30/1899,0.6357,,,,,,1.3387,,,2911.8
,,,,4.0942,4.2945,1.0468,1.2625,149.72,12/30/1899,0.635,,,,,,1.3363,,,2909.1
,,,,4.0716,4.2562,1.0514,1.2666,149.03,12/30/1899,0.6344,,,,,,1.3388,,,2888.71
,,,,4.0511,4.2599,1.0485,1.2676,149.1,12/30/1899,0.6305,,,,,,1.3484,,,2915.9
,,,,3.9889,4.2082,1.0398,1.2601,149.81,12/30/1899,0.6236,,,,,,1.3514,,,2934.77
,,,,3.9496,4.1551,1.0375,1.2577,150.63,12/30/1899,0.6209,,,,,,1.3469,,,2989.18
,,,,3.9905,4.2442,1.0487,1.2701,149.5,12/30/1899,0.6225,,,,,,1.3389,,,2984.16
,,,,4.0047,4.2785,1.0626,1.2795,149.79,12/30/1899,0.6272,,,,,,1.3313,,,3000.6
,,,,3.959,4.2784,1.0789,1.2895,148.88,12/30/1899,0.6335,,,,,,1.3333,,,3034.73
,,,,3.9997,4.3011,1.0785,1.2882,147.98,12/30/1899,0.6333,,,,,,1.331,,,3047.79
,,,,3.8833,4.2131,1.0833,1.292,148.04,12/30/1899,0.6305,,,,,,1.3339,,,3044.9
,,,,3.9431,4.2799,1.0834,1.2879,147.27,12/30/1899,0.6278,,,,,,1.3301,,,3022.15
,,,,3.9866,4.3124,1.0919,1.2951,147.78,12/30/1899,0.6298,,,,,,1.3329,,,3011.04
,,,,3.9571,4.2682,1.0888,1.2963,148.25,12/30/1899,0.6321,,,,,,1.3359,,,3020.4
,,,,4.017,4.3121,1.0852,1.2952,147.81,12/30/1899,0.6285,,,,,,1.3342,,,
,,,,4.0441,4.2985,1.0879,1.2935,148.64,12/30/1899,0.6324,,,,,,1.3302,,,
,,,,4.0398,4.2831,1.0922,1.2992,149.21,12/30/1899,0.6384,,,,,,1.3306,,,
,,,,3.9723,4.2428,1.0945,1.3001,149.27,12/30/1899,0.6361,,,,,,1.3306,,,
,,,,3.9636,4.2369,1.0903,1.3003,148.69,12/30/1899,0.6357,,,,,,1.3348,,,
,,,,3.9481,4.2462,1.0851,1.2967,148.78,12/30/1899,0.6303,,,,,,1.336,,,
,,,,4.0346,4.3346,1.0818,1.2919,149.32,12/30/1899,0.6273,,,,,,1.3386,,,
,,,,4.0471,4.3461,1.0801,1.2923,150.7,12/30/1899,0.6286,,,,,,1.339,,,
,,,,,,1.079,1.2913,150.59,12/30/1899,0.6285,,,,,,,,,
